customer_id,name,email,phone,address,city,state,zip_code,country,registration_date
1,Robert Brown,robert.brown26@example.com,+1-959-481-5012,2386 Main St,San Diego,CA,98696,USA,2025-05-18
2,Michael Jackson,michael.jackson433@example.com,+1-232-230-2535,3911 Cedar Ln,San Antonio,TX,88907,USA,2025-06-03
3,Daniel Thompson,joseph.brown73@example.com,+1-918-758-7873,7459 Cedar Ln,San Diego,CA,46463,USA,2024-04-18
4,Brian Wilson,brian.wilson349@example.com,+1-484-359-4527,1774 Main St,Austin,TX,59797,USA,2024-11-08
5,Victoria Lopez,victoria.lopez619@example.com,+1-000-000-000,2145 Maple St,Seattle,WA,20328,USA,2024-09-02
6,Brandon Lee,brandon.lee634@example.com,+1-570-791-4150,850 Oak Ave,Chicago,IL,47930,USA,2024-07-02
7,Victoria Brown,victoria.brown390@example.com,+1-484-664-6977,6165 Pine Rd,Philadelphia,PA,37460,USA,2024-08-06
8,Brian Robinson,hannah.anderson139@example.com,+1-863-273-3803,4110 Oak Ave,Seattle,WA,70589,USA,2024-08-09
9,Samantha Lee,samantha.lee705@example.com,+1-770-424-6313,3852 Main St,Los Angeles,CA,51347,USA,2024-08-07
10,Michael Miller,michael.miller936@example.com,+1-780-935-6155,8279 Maple St,San Antonio,TX,94259,USA,2024-04-01
11,Matthew Jones,matthew.jones253@example.com,+1-962-774-9830,9677 Maple St,Dallas,TX,86484,USA,2024-11-11
12,Ashley Jones,ashley.jones522@example.com,+1-705-293-1771,2604 Oak Ave,Houston,TX,99192,USA,2025-07-09
13,Michael Gonzalez,michael.gonzalez391@example.com,+1-810-679-9669,9164 Main St,Dallas,TX,99166,USA,2024-03-03
14,Sophia Lewis,sophia.lewis550@example.com,+1-968-473-6573,,,,,USA,2023-11-10
15,Lauren Lewis,lauren.lewis737@example.com,+1-469-712-3927,1843 Pine Rd,Indianapolis,IN,93748,USA,2025-07-22
16,Daniel Jones,daniel.jones383@example.com,+1-980-365-9837,109 Cedar Ln,Indianapolis,IN,52487,USA,2023-11-26
17,Jessica Robinson,jessica.robinson372@example.com,+1-514-445-1949,9395 Main St,San Diego,CA,21226,USA,2025-03-18
18,Brandon Williams,brandon.williams779@example.com,+1-745-984-3060,7887 Cedar Ln,Phoenix,AZ,31643,USA,2025-04-30
19,Victoria Martin,victoria.martin434@example.com,+1-416-752-4295,6637 Pine Rd,San Jose,CA,67422,USA,2025-02-11
20,Jessica Davis,jessica.davis231@example.com,+1-265-546-1344,9175 Oak Ave,Denver,CO,87128,USA,2023-11-14
21,Michael Thompson,michael.thompson647@example.com,+1-260-434-2104,5513 Main St,Los Angeles,CA,77391,USA,2024-08-18
22,Sophia Thomas,missingdomain@,+1-752-335-8744,7849 Maple St,San Diego,CA,34957,USA,2024-02-14
23,Sophia Wilson,missingdomain@,+1-633-620-8651,1712 Main St,Los Angeles,CA,62772,USA,2024-10-19
24,Rachel Ramirez,plainaddress,+1-454-396-4116,7450 Oak Ave,Seattle,WA,65296,USA,2024-08-18
25,Andrew Davis,andrew.davis896@example.com,+1-277-653-2604,8956 Main St,Los Angeles,CA,22224,Canada,2024-07-06
26,Emily Wilson,emily.wilson498@example.com,+1-692-418-7570,2797 Maple St,Los Angeles,CA,10282,USA,2024-08-04
27,Samantha Sanchez,samantha.sanchez804@example.com,+1-665-492-7930,8073 Oak Ave,Seattle,WA,34890,USA,2024-06-16
28,Sarah Jackson,sarah.jackson754@example.com,+1-755-262-6138,,,,,USA,2025-05-03
29,Emily Johnson,emily.johnson984@example.com,+1-000-000-000,9849 Main St,Chicago,IL,98501,USA,2024-12-24
30,Jessica Lewis,jessica.lewis584@example.com,+1-452-792-1651,1443 Maple St,Washington,DC,96163,USA,2025-06-07
31,Joseph Hernandez,joseph.hernandez958@example.com,+1-467-409-6147,,,,,USA,2025-08-28
32,Amanda Anderson,amanda.anderson324@example.com,+1-969-274-1152,9324 Main St,Charlotte,NC,19602,USA,2024-06-12
33,Joseph Rodriguez,joseph.rodriguez136@example.com,+1-557-270-5002,4769 Oak Ave,Jacksonville,FL,67433,USA,2025-10-27
34,Amanda Martin,amanda.martin827@example.com,+1-869-741-1128,5005 Main St,Seattle,WA,27601,USA,2024-03-04
35,Justin Brown,justin.brown761@example.com,+1-766-359-5462,3550 Pine Rd,San Jose,CA,36685,USA,2025-08-17
36,Victoria Rodriguez,joshua.williams384@example.com,+1-700-457-1832,7039 Pine Rd,Chicago,IL,15778,USA,2024-10-13
37,Ryan Jones,ryan.jones653@example.com,+1-468-365-8239,7107 Cedar Ln,Seattle,WA,11267,USA,2024-01-23
38,Justin Thompson,justin.thompson926@example.com,+1-352-758-1590,9643 Cedar Ln,Jacksonville,FL,29410,USA,2024-03-16
39,Sarah Martinez,sarah.martinez374@example.com,++--,1784 Pine Rd,San Diego,CA,83385,USA,2025-08-03
40,Lauren Jones,lauren.jones948@example.com,+1-442-366-3900,506 Oak Ave,Columbus,OH,53540,USA,2025-09-22
41,Victoria White,victoria.white831@example.com,+1-454-473-3608,6367 Main St,Houston,TX,71694,USA,2024-05-29
42,Brandon Robinson,brandon.robinson472@example.com,+1-558-512-4728,487 Oak Ave,San Diego,CA,62227,USA,2024-08-18
43,Victoria Williams,victoria.williams991@example.com,+1-991-485-6753,6648 Cedar Ln,Indianapolis,IN,53404,USA,2024-03-04
44,Justin Rodriguez,justin.rodriguez183@example.com,+1-794-471-1626,9874 Maple St,Houston,TX,55309,USA,2024-09-23
45,Megan Martin,megan.martin524@example.com,+1-318-594-4114,827 Maple St,Dallas,TX,10221,USA,2025-05-11
46,Sophia White,sophia.white963@example.com,999,7166 Main St,Jacksonville,FL,97062,USA,2025-08-06
47,Christopher Perez,christopher.perez869@example.com,+1-327-937-5920,5167 Maple St,Indianapolis,IN,52753,USA,2025-10-20
48,Amanda Moore,amanda.moore131@example.com,+1-396-630-7211,9424 Pine Rd,Philadelphia,PA,63225,USA,2023-11-07
49,Amanda Martinez,user@invalid,+1-640-793-6279,7338 Maple St,Charlotte,NC,98555,USA,2025-04-13
50,Nicole Sanchez,nicole.sanchez923@example.com,+1-953-373-2389,,,,,USA,2024-07-04
51,Sophia Martinez,sophia.martinez231@example.com,+1-403-350-1400,4111 Maple St,Los Angeles,CA,90120,Australia,2024-01-20
52,Andrew Wilson,andrew.wilson908@example.com,+1-844-789-4185,8199 Maple St,Fort Worth,TX,41979,USA,2025-09-08
53,Brian Smith,brian.smith915@example.com,+1-968-988-2746,3685 Oak Ave,Columbus,OH,77889,USA,2023-12-28
54,Hannah Davis,hannah.davis940@example.com,+1-324-667-3184,8802 Cedar Ln,Charlotte,NC,88047,USA,2025-02-02
55,Olivia Clark,olivia.clark737@example.com,+1-716-636-9976,2707 Maple St,Charlotte,NC,68991,USA,2024-07-17
56,Brandon Lee,,+1-984-996-9540,4019 Pine Rd,San Francisco,CA,67654,USA,2025-11-06
57,Amanda Davis,robert.smith612@example.com,+1-543-527-9849,2367 Oak Ave,Chicago,IL,40311,USA,2025-10-17
58,David Thompson,david.thompson220@example.com,+1-265-624-7678,8990 Maple St,Austin,TX,64496,USA,2024-06-05
59,Brandon Wilson,brandon.wilson399@example.com,+1-988-798-1320,6332 Maple St,Denver,CO,10772,USA,2024-09-07
60,Ryan Gonzalez,ryan.gonzalez874@example.com,+1-629-751-9947,3713 Maple St,Washington,DC,38760,USA,2025-01-26
61,Nicole Smith,nicole.smith399@example.com,+1-544-884-7624,7757 Oak Ave,Philadelphia,PA,91560,USA,2023-12-04
62,Samantha Gonzalez,samantha.gonzalez607@example.com,+1-777-878-1444,7122 Oak Ave,Chicago,IL,70515,USA,2023-12-28
63,Matthew Gonzalez,matthew.gonzalez336@example.com,+1-416-665-6355,6311 Pine Rd,Austin,TX,65255,USA,2024-01-29
64,Nicole Smith,nicole.smith768@example.com,+1-752-253-6733,1224 Main St,San Diego,CA,14067,USA,2024-05-29
65,Brandon Smith,,+1-356-444-3068,1974 Cedar Ln,San Francisco,CA,38569,USA,2025-10-23
66,Matthew Harris,matthew.harris378@example.com,+1-371-820-2876,5196 Main St,Philadelphia,PA,85849,USA,2024-09-21
67,James Perez,noatsign.example.com,+1-584-606-4249,9800 Oak Ave,Chicago,IL,23356,USA,2024-09-10
68,Victoria Perez,,+1-323-779-1672,8828 Maple St,Jacksonville,FL,96706,USA,2024-01-16
69,Joseph Lee,joseph.lee350@example.com,+1-212-630-9031,,,,,USA,2025-10-31
70,David Wilson,david.wilson181@example.com,+1-951-734-5425,,,,,USA,2025-07-05
71,Matthew Hernandez,matthew.hernandez873@example.com,+1-451-288-5569,4095 Maple St,Charlotte,NC,84691,USA,2025-09-21
72,Joshua Hernandez,joshua.hernandez30@example.com,+1-706-532-3979,3575 Pine Rd,San Francisco,CA,43862,USA,2024-08-19
73,Justin Martin,justin.martin719@example.com,+1-482-769-1166,3230 Main St,Indianapolis,IN,41635,USA,2024-12-27
74,Nicole Moore,nicole.moore777@example.com,+1-446-907-8800,7442 Main St,San Francisco,CA,22196,USA,2024-06-20
75,Joshua Thompson,joshua.thompson250@example.com,+1-513-879-7046,9168 Cedar Ln,San Francisco,CA,55056,USA,2025-05-23
76,Christopher Lopez,christopher.lopez720@example.com,+1-664-477-6023,3877 Main St,Dallas,TX,35242,USA,2024-03-08
77,Lauren Moore,lauren.moore974@example.com,+1-980-906-4033,3645 Maple St,San Antonio,TX,46241,USA,2025-07-02
78,Ryan Taylor,ryan.taylor612@example.com,+1-489-302-4180,3827 Pine Rd,San Jose,CA,33519,USA,2023-11-21
79,Brian Moore,brian.moore130@example.com,+1-480-246-1893,4886 Oak Ave,Seattle,WA,93606,Canada,2025-03-23
80,Jessica Ramirez,jessica.ramirez13@example.com,+1-787-491-8690,7316 Pine Rd,San Francisco,CA,34164,USA,2024-07-22
81,Victoria Thomas,victoria.thomas117@example.com,+1-266-610-9056,9553 Main St,Chicago,IL,29887,USA,2025-06-05
82,Amanda Williams,user@invalid,+1-321-771-7818,9866 Cedar Ln,Washington,DC,39581,India,2025-04-25
83,Joshua Anderson,,+1-653-504-8025,9416 Cedar Ln,San Jose,CA,17894,USA,2024-02-16
84,Ryan Miller,ryan.miller641@example.com,+1-416-470-2330,4029 Oak Ave,Philadelphia,PA,82350,USA,2024-04-15
85,John Wilson,john.wilson462@example.com,+1-905-808-8699,634 Oak Ave,San Jose,CA,47762,USA,2024-08-22
86,Brian Ramirez,brian.ramirez465@example.com,+1-272-903-4824,9763 Oak Ave,Dallas,TX,65723,USA,2025-05-17
87,Ashley Lee,ashley.lee153@example.com,+1-472-345-2169,2818 Pine Rd,Los Angeles,CA,87993,Canada,2025-06-11
88,Samantha Martinez,sarah.johnson378@example.com,+1-327-679-5982,4560 Cedar Ln,Fort Worth,TX,80776,USA,2025-01-28
89,Michael Martin,michael.martin41@example.com,+1-642-952-6280,4202 Main St,Washington,DC,21970,USA,2025-09-27
90,Brandon Ramirez,,+1-801-221-5415,759 Oak Ave,Denver,CO,71669,USA,2025-09-04
91,Andrew Robinson,andrew.robinson285@example.com,+1-385-799-8141,1594 Maple St,San Francisco,CA,55607,USA,2024-10-13
92,Christopher Perez,christopher.perez108@example.com,+1-364-537-7744,4822 Maple St,San Francisco,CA,82102,USA,2025-02-14
93,Michael Hernandez,michael.hernandez259@example.com,+1-531-318-7622,118 Cedar Ln,Indianapolis,IN,70552,USA,2024-01-01
94,Daniel Taylor,daniel.taylor371@example.com,+1-837-974-9167,945 Oak Ave,Charlotte,NC,45003,USA,2024-03-20
95,Samantha Martinez,samantha.martinez449@example.com,+1-915-696-2989,4020 Oak Ave,New York,NY,50730,USA,2023-11-21
96,Hannah Wilson,hannah.wilson96@example.com,+1-430-316-8560,2622 Maple St,Houston,TX,48254,USA,2025-10-29
97,Matthew Wilson,matthew.wilson855@example.com,+1-694-683-4993,9131 Oak Ave,Charlotte,NC,60277,USA,2025-07-12
98,Joseph White,joseph.white901@example.com,+1-339-271-5526,5668 Cedar Ln,Columbus,OH,45018,USA,2024-08-22
99,Lauren Martinez,lauren.martinez858@example.com,+1-801-793-9022,7416 Cedar Ln,Phoenix,AZ,73483,USA,2024-10-12
100,Hannah Harris,hannah.harris557@example.com,+1-586-666-6272,4012 Cedar Ln,San Antonio,TX,60196,USA,2024-12-31
101,Sarah Hernandez,sarah.hernandez763@example.com,+1-684-922-7246,,,,,USA,2025-04-04
102,James Hernandez,james.hernandez891@example.com,+1-302-650-2633,7586 Main St,Indianapolis,IN,28894,USA,2025-09-07
103,David Williams,david.williams481@example.com,+1-471-546-7512,5483 Cedar Ln,Chicago,IL,59808,USA,2025-08-09
104,Brian Lewis,brian.lewis778@example.com,+1-699-754-1588,1221 Oak Ave,Washington,DC,92727,USA,2024-08-27
105,Ashley White,ashley.white93@example.com,+1-644-300-2646,,,,,USA,2024-10-04
106,Rachel Johnson,rachel.johnson301@example.com,+1-567-583-8056,4100 Cedar Ln,Phoenix,AZ,64008,USA,2025-10-05
107,Rachel Garcia,rachel.garcia175@example.com,+1-379-280-7267,4045 Maple St,Washington,DC,86435,USA,2024-07-01
108,Andrew Lee,andrew.lee261@example.com,+1-670-461-1153,4812 Cedar Ln,Charlotte,NC,30706,USA,2025-02-01
109,Elizabeth Jackson,elizabeth.jackson307@example.com,+1-854-634-5097,5049 Oak Ave,Charlotte,NC,60422,USA,2024-02-24
110,Ashley Gonzalez,ashley.gonzalez586@example.com,+1-567-788-5847,,,,,USA,2025-06-08
111,Victoria Perez,victoria.perez797@example.com,+1-962-250-9138,3870 Cedar Ln,San Jose,CA,56179,USA,2025-08-19
112,Daniel Martin,daniel.martin257@example.com,+1-894-973-3240,745 Pine Rd,Houston,TX,67779,USA,2025-06-22
113,Elizabeth White,nicole.garcia197@example.com,+1-292-502-6352,2977 Oak Ave,Columbus,OH,27322,USA,2024-11-15
114,Joseph Taylor,joseph.taylor936@example.com,+1-479-368-5210,4935 Pine Rd,San Francisco,CA,25095,USA,2024-01-23
115,David Harris,matthew.smith185@example.com,+1-431-892-7511,6092 Main St,Seattle,WA,61717,USA,2024-08-03
116,Hannah Brown,hannah.brown466@example.com,+1-577-888-5295,6342 Pine Rd,Denver,CO,24201,USA,2024-07-03
117,Nicole Smith,user@invalid,+1-774-535-4626,7706 Pine Rd,Chicago,IL,95097,USA,2024-03-05
118,David Johnson,david.johnson969@example.com,+1-238-511-9071,1692 Oak Ave,Houston,TX,80457,USA,2024-12-08
119,Andrew Lopez,andrew.lopez687@example.com,+1-960-913-9850,9722 Oak Ave,Columbus,OH,64379,USA,2024-02-16
120,Brandon Thomas,missingdomain@,+1-617-486-1536,3659 Maple St,Jacksonville,FL,68287,USA,2024-11-12
121,Jessica Perez,jessica.perez377@example.com,+1-757-860-6876,6623 Pine Rd,Los Angeles,CA,34878,USA,2025-02-14
122,Michael Perez,michael.perez218@example.com,+1-857-854-1349,5564 Oak Ave,Los Angeles,CA,26505,USA,2024-06-04
123,Michael Clark,michael.clark784@example.com,+1-767-412-4538,5483 Oak Ave,San Diego,CA,88116,USA,2024-08-16
124,Victoria Jones,victoria.jones134@example.com,+1-753-456-3858,522 Oak Ave,Houston,TX,11947,USA,2024-07-07
125,James Hernandez,james.hernandez17@example.com,+1-378-471-1858,6997 Cedar Ln,Phoenix,AZ,24896,Canada,2024-01-11
126,Nicole Anderson,,+1-570-725-2786,8354 Oak Ave,Charlotte,NC,90623,USA,2025-09-11
127,Joseph Martinez,joseph.martinez470@example.com,+1-858-231-1996,6680 Maple St,San Francisco,CA,99928,USA,2025-03-23
128,Brian Robinson,brian.robinson455@example.com,+1-275-282-6277,2530 Main St,Washington,DC,26540,USA,2025-08-07
129,Robert Jackson,robert.jackson562@example.com,+1-929-532-7240,8792 Pine Rd,Washington,DC,69469,USA,2025-07-18
130,Megan Brown,megan.brown813@example.com,+1-918-317-4522,7498 Oak Ave,Columbus,OH,64239,USA,2025-02-13
131,Joshua Wilson,joshua.wilson748@example.com,+1-297-520-7992,4276 Pine Rd,Austin,TX,30006,USA,2025-03-06
132,Michael Williams,michael.williams852@example.com,+1-287-295-8075,6205 Oak Ave,Houston,TX,82924,USA,2025-06-29
133,Hannah Moore,hannah.moore338@example.com,+1-886-325-7730,7029 Main St,Jacksonville,FL,47700,USA,2024-09-21
134,Elizabeth Brown,elizabeth.brown592@example.com,999,3774 Main St,San Francisco,CA,55890,USA,2024-11-17
135,Jessica Harris,jessica.harris286@example.com,+1-787-431-8030,,,,,USA,2025-10-17
136,Matthew Smith,matthew.smith185@example.com,+1-479-919-6062,5851 Main St,Austin,TX,33777,USA,2025-06-08
137,Sophia Gonzalez,sophia.gonzalez72@example.com,+1-345-958-1502,8791 Oak Ave,Chicago,IL,59308,USA,2025-02-13
138,Christopher Garcia,christopher.garcia379@example.com,+1-519-938-6314,9868 Main St,Denver,CO,16895,USA,2024-04-16
139,Ryan Martin,ryan.martin51@example.com,phone,7047 Maple St,Charlotte,NC,89570,USA,2025-01-04
140,Matthew Miller,matthew.miller774@example.com,+1-724-316-6655,,,,,USA,2025-07-06
141,Nicole Taylor,nicole.taylor684@example.com,+1-515-246-4612,9919 Main St,Fort Worth,TX,11007,USA,2024-09-10
142,Daniel Harris,missingdomain@,+1-982-461-5742,2065 Main St,Austin,TX,75193,Canada,2025-01-20
143,Emily Jones,emily.jones390@example.com,+1-745-920-4770,9254 Pine Rd,Indianapolis,IN,19447,USA,2023-12-20
144,Megan Smith,megan.smith471@example.com,+1-279-520-8033,6726 Maple St,Denver,CO,47947,USA,2024-12-25
145,John Hernandez,john.hernandez176@example.com,phone,7255 Main St,Chicago,IL,41891,USA,2025-07-02
146,Joshua Taylor,joshua.taylor81@example.com,+1-605-517-6562,5556 Oak Ave,San Diego,CA,20011,USA,2025-08-16
147,Jessica Taylor,jessica.taylor523@example.com,+1-398-994-6724,2519 Oak Ave,Jacksonville,FL,23474,USA,2024-07-26
148,Daniel Garcia,daniel.garcia617@example.com,+1-356-978-2234,8195 Maple St,Philadelphia,PA,83889,UK,2025-06-22
149,Andrew Perez,andrew.perez947@example.com,+1-778-858-6295,2573 Maple St,Austin,TX,18950,USA,2025-02-01
150,Robert Martinez,robert.martinez816@example.com,+1-481-805-1920,8412 Main St,Jacksonville,FL,50685,USA,2025-02-11
151,Sarah Johnson,sarah.johnson378@example.com,+1-493-278-2479,9833 Cedar Ln,Washington,DC,60394,USA,2025-06-23
152,Hannah Sanchez,hannah.sanchez757@example.com,+1-242-660-4084,7892 Cedar Ln,Austin,TX,29773,USA,2025-02-10
153,Jessica Sanchez,jessica.sanchez921@example.com,+1-551-931-2381,2927 Main St,Indianapolis,IN,42472,USA,2025-01-28
154,Andrew Taylor,andrew.taylor536@example.com,+1-824-362-6962,4734 Maple St,Jacksonville,FL,63578,India,2024-10-18
155,Sophia Martin,sophia.martin54@example.com,+1-846-862-6482,5501 Main St,Chicago,IL,83133,USA,2024-12-06
156,Amanda Rodriguez,amanda.rodriguez742@example.com,+1-872-817-3463,1435 Cedar Ln,Austin,TX,96980,USA,2024-10-30
157,Amanda Lee,amanda.lee716@example.com,+1-878-601-3112,1488 Pine Rd,Washington,DC,83259,USA,2025-08-26
158,Rachel Hernandez,plainaddress,+1-330-886-9624,7037 Cedar Ln,Chicago,IL,57425,USA,2024-11-12
159,Amanda Garcia,amanda.garcia974@example.com,+1-419-549-8967,3811 Oak Ave,San Antonio,TX,30308,USA,2024-09-04
160,Victoria Sanchez,victoria.sanchez104@example.com,+1-719-989-9843,718 Pine Rd,Indianapolis,IN,91006,USA,2025-07-10
161,Joshua Jones,missingdomain@,+1-385-909-3712,815 Maple St,Charlotte,NC,57749,USA,2024-07-07
162,Andrew Martin,andrew.martin292@example.com,+1-970-966-8355,8849 Oak Ave,San Diego,CA,50562,USA,2024-05-23
163,Elizabeth Perez,elizabeth.perez970@example.com,+1-784-651-8564,6356 Cedar Ln,San Jose,CA,79135,USA,2024-04-20
164,Brandon Miller,brandon.miller821@example.com,+1-819-341-5096,7973 Pine Rd,Los Angeles,CA,82684,USA,2025-11-04
165,Victoria Taylor,victoria.taylor872@example.com,+1-327-491-2374,4569 Maple St,Philadelphia,PA,77286,USA,2025-01-27
166,Michael Robinson,michael.robinson228@example.com,999,972 Maple St,Columbus,OH,75799,USA,2024-07-05
167,Joshua Williams,joshua.williams384@example.com,+1-429-228-6221,5593 Oak Ave,Houston,TX,28035,USA,2024-08-26
168,Samantha Clark,samantha.clark484@example.com,+1-912-342-8685,,,,,USA,2024-06-14
169,Brandon Jones,brandon.jones562@example.com,++--,1921 Pine Rd,Columbus,OH,41147,USA,2024-03-10
170,Sarah Davis,sarah.davis430@example.com,+1-854-837-8489,1916 Maple St,Chicago,IL,88215,USA,2023-11-23
171,Robert Taylor,robert.taylor589@example.com,+1-447-935-3352,7132 Main St,San Jose,CA,90584,USA,2024-07-10
172,James Wilson,james.wilson192@example.com,+1-880-884-2402,6008 Main St,Indianapolis,IN,78951,USA,2025-04-09
173,Rachel Taylor,rachel.taylor568@example.com,+1-220-599-8702,6438 Pine Rd,Los Angeles,CA,43246,Canada,2023-11-23
174,Elizabeth Sanchez,elizabeth.sanchez70@example.com,+1-553-446-2698,5547 Oak Ave,Denver,CO,15811,USA,2025-05-19
175,Christopher Clark,noatsign.example.com,+1-379-997-8612,3086 Oak Ave,San Francisco,CA,18270,USA,2025-02-17
176,Sarah Martinez,sarah.martinez207@example.com,++--,5180 Cedar Ln,Austin,TX,62196,USA,2025-03-05
177,Matthew Johnson,plainaddress,+1-862-395-5687,883 Pine Rd,Jacksonville,FL,45811,USA,2024-11-17
178,Megan Lewis,megan.lewis410@example.com,+1-961-650-7334,3160 Maple St,Austin,TX,75211,USA,2025-04-21
179,Matthew Sanchez,matthew.sanchez85@example.com,+1-000-000-000,9970 Oak Ave,Columbus,OH,81496,USA,2024-09-30
180,Jessica Williams,jessica.williams336@example.com,+1-876-502-6021,9973 Maple St,Charlotte,NC,31842,USA,2025-02-03
181,Elizabeth Anderson,elizabeth.anderson44@example.com,+1-944-561-8126,,,,,USA,2024-12-26
182,Elizabeth Taylor,user@invalid,+1-967-895-3621,2439 Cedar Ln,New York,NY,98878,USA,2023-12-12
183,David Williams,david.williams242@example.com,+1-997-860-7001,,,,,USA,2024-04-12
184,Sophia Anderson,sophia.anderson972@example.com,+1-579-580-8273,9503 Oak Ave,Chicago,IL,79397,USA,2024-12-18
185,Christopher Lee,christopher.lee286@example.com,++--,8276 Cedar Ln,Philadelphia,PA,60723,USA,2024-03-06
186,Matthew Harris,matthew.harris267@example.com,phone,4778 Maple St,Washington,DC,36237,USA,2024-03-24
187,Victoria Williams,victoria.williams463@example.com,12345,5336 Pine Rd,Chicago,IL,18511,USA,2025-05-15
188,Amanda Lewis,amanda.lewis308@example.com,+1-361-928-3852,8435 Oak Ave,Jacksonville,FL,25907,USA,2024-03-28
189,Ashley Sanchez,justin.brown761@example.com,+1-226-569-7044,9138 Oak Ave,Charlotte,NC,90209,USA,2024-01-13
190,Amanda Gonzalez,missingdomain@,+1-936-690-9612,6808 Cedar Ln,Columbus,OH,19666,USA,2024-09-26
191,Robert Williams,robert.williams461@example.com,+1-677-896-9476,2202 Cedar Ln,Jacksonville,FL,93859,USA,2024-05-11
192,Ryan Jones,megan.smith471@example.com,+1-714-256-3034,2607 Pine Rd,Indianapolis,IN,31581,USA,2024-10-02
193,Samantha Thompson,,+1-554-731-5653,4205 Oak Ave,Chicago,IL,93238,USA,2024-08-14
194,David Lee,david.lee311@example.com,+1-829-746-2530,2862 Cedar Ln,Indianapolis,IN,86106,USA,2024-04-30
195,Sophia Martin,sophia.martin738@example.com,+1-819-545-1674,1430 Main St,New York,NY,94076,Australia,2025-06-19
196,Matthew Lee,matthew.lee216@example.com,+1-985-785-7825,596 Maple St,Washington,DC,92203,USA,2024-08-29
197,Robert Martinez,robert.martinez495@example.com,+1-450-901-7653,7530 Main St,San Jose,CA,17852,USA,2025-01-30
198,Megan Thomas,andrew.taylor536@example.com,+1-408-548-3353,5331 Pine Rd,Austin,TX,62260,USA,2024-11-20
199,Joseph Moore,joseph.moore109@example.com,+1-526-447-8642,4482 Maple St,Houston,TX,42495,USA,2024-02-14
200,Sarah Martinez,sarah.martinez969@example.com,+1-593-830-7850,2716 Pine Rd,San Diego,CA,85718,USA,2024-09-22
201,Daniel Harris,@no-local-part.com,+1-710-727-8648,5155 Maple St,San Francisco,CA,13037,USA,2024-12-13
202,Joseph Anderson,joseph.anderson990@example.com,+1-446-420-6781,928 Pine Rd,Los Angeles,CA,74866,USA,2025-09-06
203,Sophia Thomas,sophia.thomas293@example.com,phone,2294 Pine Rd,Columbus,OH,57943,UK,2024-12-23
204,Elizabeth Johnson,elizabeth.johnson411@example.com,+1-252-783-4189,9164 Pine Rd,Jacksonville,FL,19637,USA,2025-04-06
205,Andrew Harris,andrew.harris564@example.com,+1-486-838-2946,1684 Maple St,Phoenix,AZ,58915,USA,2025-05-31
206,Elizabeth Harris,elizabeth.harris148@example.com,+1-403-816-9341,8293 Main St,Fort Worth,TX,15938,USA,2024-03-26
207,Brian Hernandez,brian.hernandez824@example.com,+1-685-731-8487,8546 Oak Ave,Phoenix,AZ,52987,USA,2024-09-28
208,Emily Gonzalez,emily.gonzalez632@example.com,+1-957-506-6511,8451 Cedar Ln,Indianapolis,IN,74205,USA,2025-06-05
209,Amanda Thomas,amanda.thomas836@example.com,+1-217-577-6427,6924 Cedar Ln,Houston,TX,50327,USA,2025-10-11
210,Robert Smith,robert.smith612@example.com,++--,9660 Maple St,Los Angeles,CA,32349,USA,2025-08-12
211,Lauren Martin,samantha.brown698@example.com,+1-589-351-4968,9480 Main St,Los Angeles,CA,35006,USA,2025-01-31
212,Christopher Wilson,christopher.wilson156@example.com,abcdefg,8321 Cedar Ln,Columbus,OH,71814,USA,2024-01-09
213,Brian Jones,brian.jones532@example.com,+1-412-774-6325,8709 Maple St,San Francisco,CA,51124,USA,2025-02-19
214,Samantha Moore,samantha.moore351@example.com,+1-759-562-5331,8032 Oak Ave,Washington,DC,42311,USA,2025-05-31
215,Amanda Davis,,+1-504-989-5735,8111 Pine Rd,San Antonio,TX,72888,USA,2025-06-02
216,Samantha Robinson,samantha.robinson815@example.com,+1-938-480-5715,9495 Cedar Ln,Houston,TX,59767,USA,2024-10-25
217,Ryan Sanchez,ryan.sanchez150@example.com,+1-497-243-5712,5774 Maple St,Chicago,IL,95979,USA,2025-03-11
218,Daniel Miller,user@.com,+1-751-477-5450,1889 Cedar Ln,Phoenix,AZ,86917,USA,2024-07-12
219,Sarah Perez,sarah.perez927@example.com,+1-743-431-4814,1741 Maple St,Los Angeles,CA,53292,USA,2025-03-04
220,Jessica Perez,jessica.perez790@example.com,+1-340-205-3587,7893 Maple St,Columbus,OH,95267,USA,2024-08-27
221,Christopher Martinez,christopher.martinez662@example.com,+1-260-987-2465,3904 Cedar Ln,Denver,CO,14888,USA,2025-01-07
222,Justin Clark,justin.clark181@example.com,+1-237-606-9116,4842 Main St,Philadelphia,PA,11214,USA,2025-06-10
223,Olivia Brown,olivia.brown951@example.com,+1-543-491-8444,8690 Maple St,Seattle,WA,27589,USA,2025-02-28
224,Matthew Miller,john.taylor740@example.com,+1-315-538-3662,4315 Oak Ave,Charlotte,NC,11846,USA,2024-10-17
225,Rachel Martinez,rachel.martinez582@example.com,+1-890-975-4164,6743 Maple St,Philadelphia,PA,77538,USA,2024-02-03
226,Joshua Perez,joshua.perez98@example.com,+1-389-343-8822,4164 Main St,Austin,TX,44181,USA,2024-07-05
227,Andrew Harris,andrew.harris274@example.com,+1-537-509-1187,5990 Oak Ave,Dallas,TX,18142,USA,2024-03-07
228,Andrew Martinez,andrew.martinez164@example.com,+1-615-902-9233,2023 Pine Rd,San Jose,CA,58174,USA,2024-06-20
229,Ashley Jones,ashley.jones490@example.com,+1-356-665-7121,9098 Maple St,Columbus,OH,80453,USA,2024-06-17
230,Ryan Davis,ryan.davis697@example.com,+1-972-810-2341,7419 Cedar Ln,Indianapolis,IN,57419,USA,2025-06-06
231,Jessica Johnson,,+1-760-717-4312,8892 Oak Ave,Denver,CO,31566,USA,2025-04-22
232,Andrew Brown,andrew.brown697@example.com,+1-410-934-9008,8461 Maple St,Chicago,IL,17292,USA,2024-03-21
233,Joseph Wilson,joseph.wilson468@example.com,+1-777-259-8575,456 Maple St,San Jose,CA,43352,USA,2024-06-17
234,James Williams,james.williams47@example.com,+1-633-552-2044,1087 Main St,Seattle,WA,71875,USA,2024-08-26
235,Megan Garcia,megan.garcia788@example.com,+1-338-984-7887,6366 Maple St,Jacksonville,FL,59479,USA,2024-01-28
236,Sophia Perez,sophia.perez896@example.com,+1-752-336-6697,3024 Cedar Ln,Houston,TX,61518,USA,2024-03-16
237,Lauren Davis,lauren.davis855@example.com,phone,7685 Cedar Ln,San Jose,CA,65591,USA,2024-11-29
238,Brandon Davis,matthew.wilson855@example.com,+1-671-554-3541,3188 Main St,Dallas,TX,14222,USA,2025-01-09
239,Olivia Harris,olivia.harris959@example.com,+1-216-446-4376,1753 Cedar Ln,Chicago,IL,14400,USA,2025-07-11
240,Sophia Thompson,sophia.thompson894@example.com,+1-249-450-1724,7291 Oak Ave,Fort Worth,TX,80747,USA,2024-01-03
241,David Taylor,david.taylor297@example.com,+1-439-949-6224,9896 Pine Rd,Denver,CO,41051,USA,2024-04-01
242,Sophia Taylor,noatsign.example.com,+1-623-507-5508,9221 Cedar Ln,Los Angeles,CA,32955,USA,2025-10-02
243,Megan Moore,megan.moore508@example.com,+1-248-552-7244,5322 Maple St,Indianapolis,IN,63511,USA,2024-09-09
244,Joshua Garcia,joshua.garcia773@example.com,+1-750-684-4948,5027 Oak Ave,San Diego,CA,70689,USA,2025-06-04
245,Megan Wilson,megan.wilson571@example.com,+1-742-337-7363,,,,,USA,2024-01-26
246,Samantha Anderson,samantha.anderson868@example.com,+1-579-294-9775,,,,,USA,2025-07-18
247,Olivia Johnson,plainaddress,+1-274-392-4555,3522 Pine Rd,San Francisco,CA,49739,USA,2024-06-10
248,Samantha Miller,samantha.miller986@example.com,+1-959-320-8846,3450 Maple St,San Diego,CA,41369,USA,2024-10-01
249,Ryan Martinez,ryan.martinez390@example.com,+1-677-746-6886,4385 Pine Rd,San Jose,CA,77215,USA,2025-02-26
250,Jessica Sanchez,jessica.sanchez740@example.com,+1-680-979-6246,6173 Pine Rd,San Antonio,TX,64254,USA,2025-06-05
251,Victoria Davis,victoria.davis760@example.com,+1-349-216-5272,9668 Cedar Ln,Seattle,WA,64732,USA,2024-04-11
252,Daniel Hernandez,daniel.hernandez236@example.com,+1-588-783-5026,9121 Pine Rd,San Francisco,CA,43728,UK,2025-03-21
253,Lauren Lee,andrew.davis896@example.com,+1-702-671-3756,2873 Oak Ave,Jacksonville,FL,81636,USA,2024-05-13
254,Samantha Lewis,samantha.lewis556@example.com,+1-857-260-9584,1317 Main St,Los Angeles,CA,10836,USA,2024-03-26
255,Brandon Lee,brandon.lee237@example.com,+1-269-924-3474,3683 Cedar Ln,New York,NY,69770,USA,2024-01-07
256,Olivia Lee,olivia.lee683@example.com,+1-831-694-8993,208 Cedar Ln,New York,NY,82305,USA,2023-11-19
257,John Taylor,john.taylor740@example.com,+1-481-748-5697,8328 Maple St,New York,NY,33496,USA,2024-02-13
258,Joseph Jones,joseph.jones247@example.com,+1-396-834-9625,5907 Pine Rd,Dallas,TX,62022,USA,2024-11-23
259,Joshua Anderson,joshua.anderson579@example.com,+1-449-913-4700,1420 Main St,San Jose,CA,22255,USA,2024-11-29
260,Joshua Moore,joshua.moore488@example.com,+1-257-852-1154,1454 Maple St,Philadelphia,PA,66873,USA,2024-10-11
261,James Ramirez,james.ramirez998@example.com,+1-297-740-1697,3563 Cedar Ln,San Diego,CA,72324,USA,2023-12-24
262,Samantha Williams,samantha.williams701@example.com,+1-487-756-1539,5252 Main St,Philadelphia,PA,37152,USA,2024-04-02
263,Ryan Clark,ryan.clark730@example.com,+1-607-278-5903,9339 Oak Ave,Philadelphia,PA,84277,USA,2025-09-30
264,Justin Moore,justin.moore340@example.com,+1-593-973-3292,8304 Pine Rd,Chicago,IL,17038,USA,2025-01-27
265,Ashley Clark,ashley.clark78@example.com,+1-548-819-7499,585 Pine Rd,Austin,TX,69054,USA,2024-06-27
266,Elizabeth Moore,elizabeth.moore964@example.com,+1-584-642-4043,6327 Main St,Denver,CO,91083,USA,2024-07-16
267,Brian Williams,brian.williams85@example.com,+1-474-357-7225,,,,,USA,2024-02-08
268,John Martinez,nicole.taylor684@example.com,+1-568-979-5419,2270 Main St,Houston,TX,34561,USA,2025-02-08
269,Hannah Moore,hannah.moore525@example.com,+1-617-305-1430,5898 Cedar Ln,Chicago,IL,22198,USA,2025-07-11
270,Rachel Hernandez,rachel.hernandez885@example.com,+1-594-212-5781,6453 Main St,Columbus,OH,83339,USA,2025-06-14
271,Joseph Garcia,joseph.garcia702@example.com,+1-589-373-3274,5033 Pine Rd,Dallas,TX,74634,USA,2024-01-10
272,Emily Wilson,emily.wilson283@example.com,999,6016 Pine Rd,Chicago,IL,42321,USA,2025-08-08
273,Nicole Martin,nicole.martin632@example.com,+1-400-668-2752,,,,,USA,2025-08-03
274,Joshua Sanchez,,+1-537-650-6484,9838 Oak Ave,Columbus,OH,49378,USA,2025-07-16
275,Brian Miller,brian.miller491@example.com,+1-521-381-7524,4875 Maple St,Austin,TX,85481,USA,2024-10-05
276,Joshua Rodriguez,joshua.rodriguez837@example.com,+1-602-573-2865,,,,,USA,2025-10-05
277,Ryan Moore,noatsign.example.com,+1-944-672-4434,4873 Main St,Charlotte,NC,63627,USA,2025-04-01
278,David Lee,david.lee311@example.com,+1-447-458-3525,6276 Main St,Columbus,OH,68860,USA,2025-03-11
279,James Gonzalez,james.gonzalez548@example.com,+1-718-908-7853,702 Pine Rd,Seattle,WA,80373,USA,2025-08-21
280,Samantha Williams,samantha.williams112@example.com,+1-987-454-6816,825 Cedar Ln,Philadelphia,PA,94545,USA,2025-08-30
281,Joshua Harris,christopher.lopez920@example.com,+1-640-308-1172,4339 Oak Ave,Houston,TX,76935,Canada,2025-04-21
282,Hannah Jackson,hannah.jackson705@example.com,+1-789-426-8303,6508 Maple St,Jacksonville,FL,99070,USA,2025-10-14
283,Joseph Jones,joseph.jones354@example.com,+1-225-694-2712,6915 Main St,San Jose,CA,25213,USA,2024-03-31
284,Elizabeth Martinez,,+1-666-411-9537,5806 Maple St,San Francisco,CA,22795,USA,2025-10-20
285,Andrew Hernandez,andrew.hernandez69@example.com,+1-507-245-2885,5720 Main St,New York,NY,98754,USA,2024-07-13
286,Joseph Garcia,joseph.garcia566@example.com,+1-363-538-7985,3898 Maple St,Charlotte,NC,92543,USA,2024-05-15
287,Robert Perez,robert.perez443@example.com,+1-605-229-4232,9802 Maple St,Charlotte,NC,60965,USA,2025-10-28
288,Daniel Miller,daniel.miller286@example.com,+1-970-920-2025,1767 Cedar Ln,Denver,CO,34505,USA,2024-10-05
289,Daniel Anderson,daniel.anderson117@example.com,+1-468-886-9019,5234 Cedar Ln,Indianapolis,IN,60939,USA,2024-12-12
290,James Brown,james.brown357@example.com,+1-560-668-3826,9769 Main St,San Jose,CA,98094,USA,2024-09-22
291,Jessica Davis,jessica.davis313@example.com,+1-319-387-7116,8469 Maple St,Phoenix,AZ,64819,USA,2024-03-27
292,James Gonzalez,james.gonzalez434@example.com,+1-390-698-9804,9191 Oak Ave,Philadelphia,PA,74178,USA,2024-03-29
293,Emily Hernandez,emily.hernandez863@example.com,+1-661-834-1878,257 Maple St,Jacksonville,FL,27895,USA,2024-12-04
294,Hannah Taylor,user@.com,+1-706-618-9056,7372 Maple St,Columbus,OH,31922,USA,2025-06-07
295,John Sanchez,john.sanchez780@example.com,+1-425-499-1535,3783 Cedar Ln,Dallas,TX,47836,USA,2025-02-17
296,James White,james.white792@example.com,+1-984-707-9369,9483 Main St,Houston,TX,45112,India,2025-05-16
297,Brandon Lopez,brandon.lopez556@example.com,+1-974-242-8231,3680 Maple St,Seattle,WA,23423,USA,2025-09-06
298,Ryan Davis,ryan.davis305@example.com,+1-233-660-5305,1525 Maple St,Jacksonville,FL,25386,India,2024-07-06
299,Daniel Sanchez,daniel.sanchez756@example.com,999,7115 Oak Ave,Washington,DC,90760,USA,2024-06-05
300,Brandon Miller,,+1-260-783-6747,4705 Cedar Ln,Seattle,WA,80617,USA,2024-10-03
301,Brian Martinez,brian.martinez297@example.com,+1-786-473-9428,2321 Maple St,Houston,TX,17770,USA,2025-09-08
302,David Thompson,elizabeth.thompson464@example.com,+1-335-455-3396,4155 Maple St,Austin,TX,74154,USA,2025-06-20
303,Robert Rodriguez,robert.rodriguez643@example.com,+1-624-584-8405,1625 Maple St,Chicago,IL,77582,Canada,2024-08-17
304,Brian Robinson,noatsign.example.com,+1-577-665-8996,9634 Main St,Austin,TX,22208,USA,2025-02-18
305,Robert Perez,robert.perez715@example.com,+1-566-264-9756,3668 Maple St,Fort Worth,TX,37767,USA,2024-08-07
306,Christopher Clark,christopher.clark291@example.com,+1-545-760-3139,8051 Pine Rd,Denver,CO,99463,UK,2023-12-26
307,Sarah Brown,sarah.brown642@example.com,+1-670-216-3035,7330 Maple St,Philadelphia,PA,10088,USA,2024-06-01
308,Brian Robinson,@no-local-part.com,+1-865-509-3604,1629 Pine Rd,Dallas,TX,42819,USA,2024-11-21
309,Sophia Lewis,sophia.lewis665@example.com,+1-369-253-7493,3936 Maple St,San Jose,CA,95915,USA,2025-10-27
310,Jessica Smith,jessica.smith219@example.com,+1-688-279-3174,3805 Cedar Ln,Denver,CO,99126,USA,2023-11-16
311,John Thompson,@no-local-part.com,+1-323-632-3165,1260 Oak Ave,San Francisco,CA,60209,USA,2024-02-19
312,Jessica Hernandez,jessica.hernandez377@example.com,+1-506-340-7270,2440 Main St,Phoenix,AZ,79534,USA,2023-11-15
313,Olivia Lee,@no-local-part.com,+1-650-559-4490,6845 Cedar Ln,Phoenix,AZ,99989,USA,2024-06-16
314,Michael Lewis,michael.lewis103@example.com,+1-343-970-3017,6391 Pine Rd,Denver,CO,66280,USA,2024-03-29
315,Ashley Rodriguez,ashley.rodriguez661@example.com,+1-286-454-5668,5042 Oak Ave,New York,NY,77862,USA,2025-04-11
316,Daniel White,daniel.white402@example.com,+1-502-861-1894,8208 Maple St,San Diego,CA,24777,USA,2025-04-01
317,Robert Martin,robert.martin73@example.com,+1-740-212-6916,2262 Maple St,Austin,TX,84498,USA,2024-11-15
318,Hannah Perez,hannah.perez177@example.com,+1-981-682-2195,9723 Main St,New York,NY,11807,USA,2024-06-14
319,Sarah Robinson,sarah.robinson62@example.com,+1-607-718-5693,6906 Maple St,Indianapolis,IN,62727,USA,2025-08-23
320,Hannah Moore,hannah.moore631@example.com,+1-356-484-2369,1394 Cedar Ln,San Jose,CA,36633,USA,2025-05-09
321,Christopher Gonzalez,christopher.gonzalez601@example.com,+1-849-981-2083,7267 Oak Ave,San Jose,CA,17589,USA,2024-02-03
322,Samantha Wilson,samantha.wilson119@example.com,+1-664-826-1901,2977 Main St,San Jose,CA,11660,USA,2024-03-26
323,Brian Smith,brian.smith168@example.com,+1-708-555-9568,4347 Oak Ave,Indianapolis,IN,58741,USA,2024-08-08
324,Lauren Lewis,user@invalid,+1-989-230-6488,4556 Cedar Ln,Columbus,OH,18371,USA,2025-11-05
325,James Lee,james.lee79@example.com,+1-708-666-9368,1008 Maple St,Jacksonville,FL,84302,USA,2024-11-17
326,Emily Rodriguez,@no-local-part.com,+1-305-787-2889,8436 Main St,San Diego,CA,15772,USA,2024-07-14
327,Sarah Thomas,sarah.thomas373@example.com,+1-592-353-3932,9158 Maple St,Los Angeles,CA,39427,USA,2024-07-18
328,Megan Robinson,megan.robinson738@example.com,+1-527-477-2276,6208 Main St,Denver,CO,75803,USA,2023-12-30
329,Emily Davis,,+1-728-247-7568,7720 Pine Rd,Chicago,IL,50723,USA,2024-02-03
330,Hannah Anderson,hannah.anderson9@example.com,+1-577-405-5777,5079 Cedar Ln,Denver,CO,41795,USA,2024-11-18
331,James Thomas,james.thomas792@example.com,+1-994-400-9954,2566 Main St,San Diego,CA,63744,USA,2024-07-02
332,Hannah Lopez,hannah.lopez652@example.com,+1-910-209-6488,6264 Pine Rd,New York,NY,23624,USA,2025-05-02
333,Ashley Wilson,ashley.wilson504@example.com,+1-000-000-000,819 Oak Ave,Chicago,IL,78125,USA,2025-10-24
334,Justin Lopez,justin.lopez470@example.com,+1-965-286-2565,2287 Maple St,Indianapolis,IN,19808,USA,2025-06-10
335,Sarah Wilson,sarah.wilson679@example.com,+1-333-442-5778,5261 Maple St,Dallas,TX,52762,USA,2025-02-12
336,Matthew Davis,matthew.davis77@example.com,+1-407-339-2785,1831 Oak Ave,Phoenix,AZ,68925,USA,2024-09-23
337,Megan Brown,megan.brown549@example.com,+1-566-988-4401,5151 Maple St,Charlotte,NC,44735,USA,2024-02-07
338,Emily Sanchez,emily.sanchez703@example.com,+1-511-921-1660,5470 Oak Ave,San Antonio,TX,21955,USA,2024-07-18
339,Elizabeth Gonzalez,elizabeth.gonzalez526@example.com,+1-250-893-5896,2948 Main St,Dallas,TX,63004,USA,2025-05-29
340,Lauren Moore,lauren.moore256@example.com,+1-296-673-2669,2089 Main St,Phoenix,AZ,18083,India,2024-06-21
341,David Miller,david.miller844@example.com,+1-610-581-2376,9702 Pine Rd,Denver,CO,19828,USA,2024-01-12
342,Daniel Lewis,daniel.lewis662@example.com,+1-654-331-2506,2107 Main St,Austin,TX,70423,USA,2024-04-27
343,Samantha Jackson,samantha.jackson444@example.com,abcdefg,6370 Maple St,New York,NY,32650,USA,2024-06-13
344,Samantha Garcia,samantha.garcia282@example.com,+1-486-656-3435,4126 Pine Rd,Los Angeles,CA,75390,USA,2025-05-23
345,Nicole Johnson,nicole.johnson90@example.com,+1-486-592-3248,3367 Cedar Ln,Columbus,OH,42656,USA,2025-05-16
346,Rachel Smith,rachel.smith392@example.com,+1-930-567-8859,8040 Pine Rd,Seattle,WA,84141,USA,2024-10-01
347,Joshua Rodriguez,joshua.rodriguez185@example.com,+1-226-526-4588,,,,,USA,2024-11-07
348,Ryan Jackson,@no-local-part.com,+1-363-302-5060,4466 Cedar Ln,San Diego,CA,17328,UK,2024-06-18
349,James Ramirez,james.ramirez817@example.com,+1-597-563-3846,3975 Cedar Ln,Philadelphia,PA,51681,USA,2025-10-21
350,Elizabeth Robinson,elizabeth.robinson606@example.com,12345,9334 Oak Ave,Denver,CO,83807,USA,2025-03-25
351,Hannah Martinez,hannah.martinez180@example.com,+1-702-238-2478,3911 Cedar Ln,Los Angeles,CA,38679,USA,2025-04-29
352,Nicole Smith,nicole.smith340@example.com,+1-828-406-3137,3007 Pine Rd,Austin,TX,17806,USA,2024-04-06
353,James Thompson,amanda.rodriguez742@example.com,+1-345-992-2817,6078 Main St,Indianapolis,IN,58967,USA,2025-09-15
354,Joshua Jackson,,+1-544-509-6285,2680 Maple St,Phoenix,AZ,93789,USA,2025-09-01
355,Christopher Garcia,christopher.garcia725@example.com,+1-775-910-6846,9749 Oak Ave,San Diego,CA,59595,USA,2025-10-12
356,Amanda Jones,amanda.jones182@example.com,+1-946-201-7415,630 Oak Ave,Denver,CO,88956,USA,2025-07-25
357,Ashley Lee,ashley.lee580@example.com,+1-306-708-3304,,,,,USA,2024-04-26
358,Robert Lewis,plainaddress,+1-290-925-6500,286 Pine Rd,Charlotte,NC,37483,USA,2025-10-16
359,Michael Lopez,michael.lopez263@example.com,+1-310-937-1020,6423 Maple St,Los Angeles,CA,65004,USA,2025-01-03
360,Nicole Lewis,nicole.lewis388@example.com,+1-559-759-7149,7955 Cedar Ln,Houston,TX,95323,UK,2025-10-10
361,Ashley Garcia,ashley.garcia463@example.com,+1-275-234-5831,5321 Pine Rd,New York,NY,23726,USA,2024-10-22
362,Emily Lewis,,+1-364-949-2228,1625 Pine Rd,Seattle,WA,87860,USA,2025-03-15
363,Brian Smith,brian.smith442@example.com,+1-869-368-8113,977 Main St,Philadelphia,PA,53397,USA,2024-05-19
364,Megan Thompson,megan.thompson568@example.com,+1-939-947-9849,,,,,USA,2023-12-27
365,Joshua Jackson,joshua.jackson563@example.com,+1-702-357-1893,162 Maple St,Jacksonville,FL,21485,USA,2025-09-14
366,Robert Martin,robert.martin492@example.com,+1-404-299-1421,2898 Pine Rd,San Antonio,TX,20739,USA,2024-03-04
367,Amanda Sanchez,user@invalid,+1-682-700-5341,9014 Maple St,Chicago,IL,34232,USA,2024-12-01
368,Elizabeth Garcia,elizabeth.garcia457@example.com,+1-245-469-8204,4415 Oak Ave,Charlotte,NC,45200,USA,2024-01-09
369,David Harris,david.harris714@example.com,+1-883-299-2404,8971 Maple St,Jacksonville,FL,87296,USA,2025-05-26
370,Sarah Clark,sarah.clark397@example.com,phone,9483 Oak Ave,San Francisco,CA,72424,USA,2024-01-26
371,Joshua Lewis,user@invalid,+1-931-235-9226,8567 Cedar Ln,Denver,CO,98805,USA,2024-04-05
372,Jessica Harris,hannah.wilson96@example.com,+1-377-371-4471,2167 Main St,San Antonio,TX,65492,USA,2025-10-06
373,Megan Miller,megan.miller843@example.com,+1-842-351-5225,1197 Main St,Austin,TX,60868,USA,2024-12-17
374,Hannah Hernandez,hannah.hernandez878@example.com,phone,9726 Cedar Ln,New York,NY,64997,USA,2025-01-04
375,David Jones,david.jones581@example.com,+1-802-796-2641,9319 Main St,Houston,TX,47498,USA,2024-10-24
376,Justin Wilson,justin.wilson271@example.com,+1-592-870-8955,7850 Main St,Denver,CO,32570,USA,2024-12-23
377,David Martin,,+1-897-910-7581,6584 Pine Rd,Los Angeles,CA,41139,USA,2025-03-07
378,Samantha Rodriguez,user@invalid,+1-581-220-6535,5194 Pine Rd,San Jose,CA,74437,USA,2025-10-08
379,Jessica Ramirez,jessica.ramirez234@example.com,+1-337-507-8259,4514 Maple St,Austin,TX,89295,USA,2024-02-06
380,Daniel Anderson,daniel.anderson217@example.com,+1-616-958-8937,6226 Main St,Indianapolis,IN,77537,USA,2024-01-13
381,Amanda Thompson,amanda.thompson519@example.com,+1-613-338-9589,574 Oak Ave,Denver,CO,35265,USA,2024-01-05
382,Ashley Johnson,,+1-251-569-4262,6135 Maple St,Dallas,TX,76207,USA,2025-08-18
383,Samantha Brown,samantha.brown698@example.com,+1-231-447-7102,9832 Maple St,San Francisco,CA,33276,USA,2025-06-29
384,Hannah Lopez,hannah.lopez353@example.com,+1-367-464-2480,549 Maple St,San Jose,CA,16507,USA,2025-06-14
385,Ryan Miller,ryan.miller878@example.com,+1-426-862-4688,4508 Maple St,San Antonio,TX,77276,USA,2025-10-05
386,John Thomas,john.thomas934@example.com,+1-335-862-3837,238 Oak Ave,Washington,DC,43081,USA,2024-09-14
387,Brian Thompson,brian.thompson659@example.com,+1-481-633-7168,7620 Pine Rd,Jacksonville,FL,38601,USA,2024-09-11
388,Sophia Taylor,sophia.taylor845@example.com,+1-838-606-2676,8480 Pine Rd,New York,NY,83591,USA,2025-07-07
389,Olivia Martinez,olivia.martinez306@example.com,12345,5609 Pine Rd,Chicago,IL,93964,USA,2024-08-16
390,Matthew Lee,matthew.lee729@example.com,+1-867-505-4086,8575 Oak Ave,Phoenix,AZ,17441,USA,2024-12-24
391,Sophia Hernandez,sophia.hernandez698@example.com,+1-343-938-1417,,,,,USA,2024-12-08
392,Lauren Johnson,lauren.johnson598@example.com,+1-925-785-4111,3743 Cedar Ln,Austin,TX,93665,USA,2025-09-24
393,Elizabeth Taylor,elizabeth.taylor308@example.com,+1-374-873-3967,1699 Maple St,San Jose,CA,26769,USA,2024-07-28
394,Lauren Sanchez,justin.gonzalez912@example.com,+1-981-387-6499,3741 Pine Rd,Chicago,IL,39272,Canada,2024-09-16
395,Megan Sanchez,samantha.martinez449@example.com,+1-539-580-5269,4917 Maple St,Denver,CO,25437,USA,2023-12-31
396,Victoria Lee,victoria.lee598@example.com,+1-794-835-2166,3287 Cedar Ln,San Francisco,CA,25704,USA,2024-12-01
397,Joseph Martinez,joseph.martinez424@example.com,+1-255-354-3250,5714 Maple St,San Antonio,TX,84632,USA,2024-04-01
398,Christopher Ramirez,plainaddress,+1-384-997-2324,5549 Oak Ave,San Francisco,CA,51079,USA,2024-01-05
399,John Anderson,john.anderson281@example.com,+1-414-979-3762,2695 Maple St,Denver,CO,21539,USA,2025-07-28
400,Megan Lee,megan.lee440@example.com,+1-613-639-8821,176 Main St,Fort Worth,TX,79963,USA,2024-11-23
401,John Lewis,,+1-975-743-4122,167 Oak Ave,New York,NY,39657,USA,2024-10-24
402,Amanda Jones,amanda.jones106@example.com,+1-592-715-6015,1169 Main St,Philadelphia,PA,49085,USA,2025-02-15
403,Lauren Taylor,lauren.taylor611@example.com,+1-736-545-8105,,,,,Canada,2024-05-17
404,Emily Robinson,emily.robinson941@example.com,phone,2249 Oak Ave,San Diego,CA,12872,USA,2025-04-06
405,Emily Brown,emily.brown376@example.com,+1-928-866-1612,4290 Cedar Ln,Fort Worth,TX,91675,USA,2025-07-07
406,Sarah Perez,sarah.perez111@example.com,+1-869-220-1790,6928 Maple St,Houston,TX,59840,USA,2025-05-20
407,Matthew Thomas,matthew.thomas719@example.com,+1-356-410-1152,6995 Main St,San Jose,CA,96832,USA,2024-08-09
408,Olivia Martin,olivia.martin718@example.com,+1-340-628-2718,2028 Pine Rd,Indianapolis,IN,24943,USA,2025-03-30
409,Daniel Martin,daniel.martin205@example.com,+1-996-469-9571,5964 Maple St,San Antonio,TX,48712,USA,2023-12-17
410,Hannah Thomas,hannah.thomas933@example.com,+1-412-904-8875,3942 Main St,Austin,TX,11671,USA,2024-02-06
411,Samantha Brown,samantha.brown856@example.com,+1-787-885-9095,1575 Cedar Ln,Phoenix,AZ,19836,USA,2024-02-18
412,Justin Rodriguez,matthew.gonzalez987@example.com,+1-436-667-5850,7706 Main St,Dallas,TX,23082,USA,2023-12-17
413,Victoria Martinez,victoria.martinez369@example.com,+1-893-520-7979,,,,,USA,2025-09-16
414,Robert Garcia,sophia.taylor845@example.com,+1-566-648-5395,6205 Pine Rd,Chicago,IL,33969,USA,2024-12-21
415,Joshua Anderson,lauren.perez158@example.com,+1-594-906-8835,2832 Main St,Columbus,OH,27368,USA,2024-01-06
416,Victoria Garcia,victoria.garcia107@example.com,+1-626-804-8908,7278 Oak Ave,Denver,CO,90127,USA,2024-11-08
417,Olivia Smith,olivia.smith884@example.com,+1-900-944-3140,8097 Main St,San Francisco,CA,63907,USA,2023-12-24
418,Michael Rodriguez,michael.rodriguez671@example.com,+1-521-212-9598,9357 Oak Ave,Denver,CO,97797,USA,2025-04-21
419,Joseph Thompson,joseph.thompson718@example.com,+1-833-297-8091,7995 Pine Rd,San Diego,CA,96993,USA,2025-08-24
420,Joshua Jones,joshua.jones860@example.com,+1-771-827-1894,2671 Cedar Ln,New York,NY,71510,USA,2024-04-24
421,Michael Harris,michael.harris504@example.com,+1-528-446-6421,924 Cedar Ln,Dallas,TX,39190,USA,2025-08-26
422,Joshua Gonzalez,joshua.gonzalez837@example.com,+1-440-280-8521,9488 Maple St,Charlotte,NC,21536,USA,2025-02-06
423,Christopher Brown,christopher.brown510@example.com,+1-963-869-1291,6709 Maple St,Houston,TX,14696,USA,2025-05-22
424,John Clark,john.clark94@example.com,+1-818-833-5990,9313 Oak Ave,Indianapolis,IN,95799,USA,2025-02-16
425,Christopher Lopez,christopher.lopez846@example.com,+1-255-428-8445,,,,,USA,2025-09-09
426,Elizabeth Thompson,elizabeth.thompson464@example.com,+1-316-299-4633,5692 Pine Rd,New York,NY,93055,USA,2025-05-20
427,Joseph Lopez,joseph.lopez719@example.com,+1-308-246-3689,2401 Maple St,San Francisco,CA,24019,USA,2025-07-24
428,Daniel Miller,daniel.miller124@example.com,+1-602-420-8488,5636 Main St,San Antonio,TX,64325,USA,2025-08-16
429,Brandon Perez,brandon.perez603@example.com,+1-326-990-8381,9755 Cedar Ln,Charlotte,NC,27647,USA,2023-11-11
430,Joseph White,joseph.white50@example.com,999,3003 Cedar Ln,Indianapolis,IN,32760,USA,2024-03-17
431,Jessica Gonzalez,jessica.gonzalez674@example.com,+1-814-820-6273,6402 Maple St,Indianapolis,IN,89822,USA,2024-07-18
432,Matthew Gonzalez,matthew.gonzalez987@example.com,+1-551-501-8419,2363 Maple St,Phoenix,AZ,88974,USA,2025-04-14
433,Amanda Clark,amanda.clark719@example.com,12345,3535 Cedar Ln,San Antonio,TX,48086,USA,2024-10-25
434,Samantha Perez,,+1-927-865-3913,8988 Pine Rd,Indianapolis,IN,25126,UK,2024-11-01
435,Hannah Thomas,hannah.thomas597@example.com,+1-784-883-7839,,,,,USA,2024-02-24
436,John Gonzalez,john.gonzalez149@example.com,+1-254-886-1927,4474 Oak Ave,San Antonio,TX,47567,USA,2024-07-20
437,David Clark,david.clark64@example.com,+1-907-502-4342,629 Pine Rd,Seattle,WA,69322,USA,2025-07-29
438,Victoria Perez,victoria.perez758@example.com,+1-775-429-7371,8470 Pine Rd,San Diego,CA,97096,USA,2024-12-01
439,Joshua Wilson,joshua.wilson980@example.com,+1-901-520-1881,4217 Oak Ave,New York,NY,91338,India,2025-02-02
440,Brandon Davis,brandon.davis934@example.com,+1-848-921-7025,9055 Cedar Ln,Denver,CO,35751,India,2024-05-23
441,Amanda Anderson,plainaddress,+1-899-276-4063,8518 Main St,Philadelphia,PA,59440,USA,2025-01-18
442,Matthew Moore,matthew.moore271@example.com,+1-333-364-5178,,,,,USA,2024-04-12
443,Samantha Hernandez,samantha.hernandez612@example.com,+1-252-992-5934,9482 Cedar Ln,San Francisco,CA,56934,USA,2025-10-31
444,Christopher Taylor,christopher.taylor226@example.com,+1-388-733-2117,2711 Maple St,Indianapolis,IN,81182,USA,2024-12-24
445,Michael Lopez,michael.lopez227@example.com,+1-418-879-6437,6011 Pine Rd,Austin,TX,38632,Canada,2025-08-01
446,Joseph Thomas,plainaddress,+1-970-864-1144,5768 Maple St,Houston,TX,41502,USA,2025-07-27
447,Samantha Martin,samantha.martin250@example.com,+1-240-898-6258,1957 Maple St,Fort Worth,TX,43631,USA,2024-08-22
448,John Robinson,john.robinson530@example.com,+1-988-583-9426,7400 Maple St,Indianapolis,IN,15747,USA,2025-09-04
449,Daniel Hernandez,daniel.hernandez527@example.com,+1-284-298-3742,,,,,USA,2024-06-09
450,Sophia Lee,missingdomain@,+1-418-901-7950,3468 Cedar Ln,Houston,TX,67047,USA,2024-01-19
451,Lauren Perez,lauren.perez158@example.com,+1-224-670-6434,1533 Main St,Los Angeles,CA,17113,USA,2024-07-21
452,Hannah Williams,hannah.williams589@example.com,+1-433-464-7678,7491 Maple St,Fort Worth,TX,66757,USA,2023-11-24
453,Joshua Perez,joshua.perez122@example.com,+1-747-206-2036,845 Main St,Denver,CO,56884,USA,2024-02-23
454,Amanda Sanchez,amanda.sanchez703@example.com,+1-508-821-2417,,,,,USA,2023-12-08
455,Nicole Garcia,nicole.garcia547@example.com,+1-425-339-7406,4932 Oak Ave,Seattle,WA,49066,USA,2025-08-31
456,Elizabeth Smith,elizabeth.smith567@example.com,+1-768-344-3019,182 Cedar Ln,Los Angeles,CA,88204,USA,2025-05-10
457,Hannah Williams,hannah.williams313@example.com,+1-415-966-6633,6860 Cedar Ln,San Antonio,TX,28671,USA,2024-05-13
458,Ashley Martin,sarah.davis430@example.com,+1-458-398-2877,9394 Main St,Philadelphia,PA,81939,USA,2025-08-28
459,Hannah Williams,hannah.williams298@example.com,+1-887-268-5107,3334 Cedar Ln,Houston,TX,73857,USA,2024-11-06
460,David Perez,david.perez672@example.com,+1-440-302-5671,1243 Oak Ave,Washington,DC,51652,USA,2025-02-10
461,Christopher Martin,christopher.martin676@example.com,+1-513-910-3496,9387 Pine Rd,Denver,CO,51462,USA,2024-04-27
462,John Hernandez,john.hernandez253@example.com,+1-426-929-8145,5989 Oak Ave,Dallas,TX,99073,USA,2024-10-11
463,Justin Thomas,,+1-656-567-6004,9138 Main St,San Francisco,CA,33038,USA,2025-07-20
464,Michael Clark,,+1-343-751-4218,1352 Main St,Dallas,TX,12441,USA,2025-08-14
465,John Clark,john.clark596@example.com,+1-792-614-4485,,,,,USA,2025-03-04
466,Robert Harris,robert.harris153@example.com,+1-574-601-4658,4867 Oak Ave,Denver,CO,70909,USA,2025-04-12
467,Michael Gonzalez,michael.gonzalez373@example.com,+1-714-210-4913,2817 Cedar Ln,Washington,DC,28398,USA,2024-04-18
468,Emily Jackson,emily.jackson972@example.com,+1-779-875-3395,,,,,UK,2025-03-20
469,Ashley Williams,,+1-578-439-1701,8585 Pine Rd,San Antonio,TX,60868,USA,2025-02-14
470,Justin Johnson,justin.johnson41@example.com,+1-864-531-2691,4580 Pine Rd,Indianapolis,IN,85842,USA,2025-06-12
471,Emily Gonzalez,emily.gonzalez670@example.com,+1-587-574-2275,4221 Maple St,Indianapolis,IN,39215,USA,2024-12-26
472,Elizabeth Clark,elizabeth.clark889@example.com,+1-553-698-8898,208 Cedar Ln,Washington,DC,28214,USA,2024-04-24
473,Ashley Williams,ashley.williams527@example.com,phone,3162 Oak Ave,Phoenix,AZ,57477,USA,2024-03-07
474,Sophia Davis,sophia.davis425@example.com,+1-538-937-2856,7944 Maple St,San Francisco,CA,37617,USA,2024-04-20
475,Robert Clark,robert.clark421@example.com,+1-222-449-1706,9496 Cedar Ln,Phoenix,AZ,31119,USA,2025-08-12
476,Joseph Johnson,joseph.johnson913@example.com,+1-786-350-1916,4331 Oak Ave,Philadelphia,PA,77717,USA,2025-07-12
477,James Lee,noatsign.example.com,+1-936-945-5644,3648 Maple St,Chicago,IL,89498,USA,2025-03-14
478,Emily Davis,user@.com,+1-620-815-3338,3079 Cedar Ln,Denver,CO,96461,USA,2024-08-03
479,Emily White,emily.white703@example.com,+1-550-664-2127,6296 Maple St,San Diego,CA,27329,USA,2023-11-23
480,Daniel Taylor,daniel.taylor881@example.com,+1-716-900-7877,1677 Oak Ave,Phoenix,AZ,72373,USA,2025-07-13
481,Sarah Lewis,sarah.lewis803@example.com,+1-744-715-2925,8001 Oak Ave,Chicago,IL,89098,USA,2023-11-08
482,Justin Harris,,+1-864-641-9553,6168 Main St,Columbus,OH,79444,USA,2024-06-28
483,Rachel Thomas,rachel.thomas809@example.com,+1-987-590-6742,9539 Main St,Denver,CO,65769,USA,2024-07-24
484,Nicole Harris,nicole.harris239@example.com,+1-285-490-9908,4323 Oak Ave,Columbus,OH,10716,USA,2023-11-14
485,James Taylor,james.taylor121@example.com,+1-732-207-7144,5275 Maple St,San Antonio,TX,57483,USA,2024-04-13
486,Megan Lee,megan.lee600@example.com,+1-459-467-9783,9351 Pine Rd,Columbus,OH,90200,USA,2025-10-03
487,Joshua Harris,joshua.harris209@example.com,+1-623-765-8904,,,,,USA,2024-07-23
488,Amanda Jackson,amanda.jackson353@example.com,+1-992-922-7522,2051 Oak Ave,Phoenix,AZ,68536,USA,2024-04-20
489,Jessica Miller,jessica.miller521@example.com,+1-610-546-1852,6475 Main St,Philadelphia,PA,21939,USA,2025-03-03
490,Samantha Martin,,+1-290-265-5310,6175 Main St,San Diego,CA,89826,USA,2024-12-04
491,Samantha Gonzalez,missingdomain@,+1-871-733-5693,1041 Oak Ave,Washington,DC,93924,USA,2025-01-29
492,John Miller,john.miller871@example.com,+1-872-730-5685,650 Cedar Ln,San Antonio,TX,76918,USA,2025-10-22
493,Ashley Martin,user@.com,+1-890-236-6893,104 Oak Ave,San Diego,CA,21382,USA,2024-12-20
494,Elizabeth Perez,elizabeth.perez405@example.com,+1-615-800-4281,351 Main St,Indianapolis,IN,21818,USA,2024-08-24
495,Lauren Clark,lauren.clark573@example.com,+1-796-556-6693,3807 Cedar Ln,Dallas,TX,35496,USA,2024-12-24
496,James Smith,james.smith268@example.com,+1-379-616-9294,9252 Main St,Houston,TX,75951,USA,2024-10-20
497,Jessica Sanchez,jessica.sanchez526@example.com,+1-463-750-5098,6278 Cedar Ln,Charlotte,NC,73390,Australia,2024-07-13
498,Ryan Hernandez,,+1-994-669-8548,548 Maple St,Denver,CO,25239,USA,2024-01-15
499,Joshua Lee,joshua.lee808@example.com,+1-425-893-4767,,,,,USA,2023-11-16
500,Brian Clark,brian.clark270@example.com,+1-454-494-2523,5703 Main St,Fort Worth,TX,82686,USA,2025-03-08
501,Christopher Lopez,christopher.lopez224@example.com,+1-787-475-3994,8275 Oak Ave,San Antonio,TX,40783,USA,2024-07-11
502,Victoria Rodriguez,victoria.rodriguez212@example.com,+1-434-407-5091,5933 Oak Ave,Washington,DC,23983,USA,2024-01-26
503,Sophia Perez,sophia.perez505@example.com,+1-828-206-9871,,,,,USA,2025-03-25
504,Justin Lewis,justin.lewis919@example.com,+1-788-481-9041,8474 Pine Rd,Philadelphia,PA,62150,USA,2025-06-19
505,David Johnson,david.johnson539@example.com,+1-633-689-9859,8332 Pine Rd,Los Angeles,CA,61605,USA,2024-05-03
506,Andrew Brown,andrew.brown716@example.com,+1-730-671-6171,293 Oak Ave,New York,NY,59732,USA,2024-02-18
507,Christopher Lopez,christopher.lopez628@example.com,+1-465-391-9987,,,,,USA,2024-10-23
508,Elizabeth Garcia,elizabeth.garcia511@example.com,+1-634-415-7866,6081 Maple St,Jacksonville,FL,46651,USA,2024-05-09
509,James Jones,james.jones590@example.com,+1-902-434-2636,3963 Cedar Ln,Dallas,TX,66651,USA,2024-05-25
510,David Sanchez,david.sanchez983@example.com,+1-956-353-8749,2993 Maple St,New York,NY,75483,USA,2025-08-13
511,Joseph Moore,noatsign.example.com,+1-523-698-5915,9310 Cedar Ln,Dallas,TX,16253,USA,2024-02-16
512,Brian Garcia,brian.garcia62@example.com,+1-420-460-8807,7470 Pine Rd,Houston,TX,44048,USA,2024-11-09
513,Hannah Moore,hannah.moore955@example.com,+1-463-552-1324,2086 Pine Rd,Columbus,OH,99074,USA,2024-05-28
514,James Jackson,,+1-864-751-3859,5918 Pine Rd,San Jose,CA,98236,USA,2025-03-20
515,Ryan White,ryan.white458@example.com,+1-280-590-5694,2473 Oak Ave,Charlotte,NC,93962,USA,2025-01-11
516,Robert Martin,,+1-614-273-2296,5729 Oak Ave,Philadelphia,PA,51088,USA,2025-09-05
517,Amanda Thompson,amanda.thompson274@example.com,+1-819-860-7479,7389 Pine Rd,Dallas,TX,86928,USA,2025-02-10
518,Megan Garcia,megan.garcia189@example.com,+1-223-328-4844,1411 Oak Ave,Dallas,TX,31877,USA,2024-02-20
519,Jessica Williams,christopher.garcia379@example.com,+1-684-761-1881,6604 Cedar Ln,New York,NY,20911,USA,2024-08-01
520,Olivia Jones,olivia.jones87@example.com,+1-000-000-000,4153 Pine Rd,San Diego,CA,68085,USA,2024-03-15
521,David Taylor,david.taylor859@example.com,+1-374-229-1575,5428 Maple St,Jacksonville,FL,71235,USA,2024-08-11
522,Hannah Anderson,hannah.anderson139@example.com,+1-914-752-3900,9890 Maple St,Denver,CO,92712,Canada,2025-08-19
523,Justin Jackson,user@invalid,+1-736-855-9745,5788 Maple St,San Jose,CA,80735,USA,2024-02-06
524,Andrew Martinez,andrew.martinez375@example.com,+1-622-466-3551,272 Main St,San Jose,CA,78592,UK,2024-03-25
525,Elizabeth Martinez,missingdomain@,+1-747-208-9059,5008 Main St,San Francisco,CA,66418,USA,2025-07-10
526,Ashley Sanchez,ashley.sanchez8@example.com,+1-761-582-4089,9284 Maple St,Columbus,OH,61740,USA,2024-04-22
527,Brian White,brian.white662@example.com,+1-599-587-4614,,,,,USA,2025-04-19
528,Ryan Sanchez,ryan.sanchez932@example.com,+1-827-910-5454,8815 Pine Rd,San Jose,CA,64120,USA,2024-01-16
529,Emily Jones,jessica.davis231@example.com,+1-313-852-8460,7518 Pine Rd,Washington,DC,91625,USA,2024-05-17
530,Christopher Smith,christopher.smith156@example.com,12345,1775 Pine Rd,Philadelphia,PA,45283,USA,2025-01-28
531,Lauren Smith,lauren.smith239@example.com,+1-292-354-1241,3658 Pine Rd,San Francisco,CA,65082,USA,2025-03-31
532,Elizabeth Anderson,elizabeth.anderson714@example.com,+1-232-538-2314,1018 Pine Rd,Phoenix,AZ,61435,USA,2025-05-16
533,Nicole Garcia,nicole.garcia197@example.com,+1-456-590-1206,4178 Maple St,Houston,TX,68059,USA,2023-12-11
534,Daniel Anderson,daniel.anderson753@example.com,+1-989-296-9538,7846 Maple St,San Antonio,TX,99318,USA,2024-10-02
535,Emily Lee,emily.lee746@example.com,+1-243-962-9534,4250 Maple St,Houston,TX,93692,USA,2024-05-28
536,Elizabeth Lewis,user@invalid,+1-882-423-2850,7213 Pine Rd,San Diego,CA,11974,USA,2024-08-15
537,James Brown,james.brown406@example.com,+1-448-209-1688,7886 Cedar Ln,Denver,CO,30315,USA,2024-02-06
538,Ashley Garcia,ashley.garcia512@example.com,+1-293-902-6544,1079 Pine Rd,Los Angeles,CA,94485,USA,2025-10-25
539,Hannah Sanchez,hannah.sanchez110@example.com,+1-328-699-4812,9248 Pine Rd,Austin,TX,67503,USA,2024-05-22
540,John Thompson,,+1-566-941-3207,746 Maple St,Dallas,TX,67344,USA,2024-09-03
541,Hannah Thompson,hannah.thompson502@example.com,+1-394-780-4057,5796 Pine Rd,Seattle,WA,71393,USA,2025-07-12
542,Samantha Ramirez,samantha.ramirez568@example.com,++--,7462 Pine Rd,Phoenix,AZ,44517,USA,2024-11-16
543,Andrew Smith,andrew.smith795@example.com,+1-853-718-7210,,,,,India,2025-08-03
544,Ashley Hernandez,ashley.hernandez739@example.com,+1-264-874-9830,3210 Cedar Ln,Fort Worth,TX,99551,USA,2025-05-24
545,David Martin,,+1-530-619-6276,1677 Cedar Ln,Houston,TX,96362,USA,2023-12-21
546,Brandon Jones,,+1-232-406-2753,3239 Main St,San Francisco,CA,14170,USA,2025-08-25
547,Brandon Gonzalez,brandon.gonzalez674@example.com,+1-701-738-5193,6102 Oak Ave,Los Angeles,CA,89423,USA,2024-01-18
548,John Robinson,john.robinson944@example.com,+1-413-871-9051,7768 Main St,Chicago,IL,57307,USA,2025-01-05
549,Brandon Lopez,brandon.lopez814@example.com,+1-925-259-5355,766 Main St,Indianapolis,IN,49833,USA,2024-06-15
550,Joseph Brown,joseph.brown104@example.com,+1-942-436-9710,3204 Oak Ave,Fort Worth,TX,78969,USA,2024-07-18
551,James Lee,james.lee971@example.com,+1-383-771-7802,9546 Pine Rd,Houston,TX,98407,USA,2025-10-26
552,Sophia Wilson,sophia.wilson905@example.com,+1-306-370-3955,6679 Cedar Ln,Seattle,WA,54238,USA,2024-04-16
553,Hannah Martin,hannah.martin454@example.com,+1-560-522-6319,6855 Maple St,Jacksonville,FL,52395,USA,2024-07-10
554,James Moore,james.moore220@example.com,+1-584-984-5162,7512 Maple St,Jacksonville,FL,62047,USA,2023-12-12
555,Amanda Martin,amanda.martin17@example.com,+1-730-338-5945,5020 Oak Ave,New York,NY,38157,USA,2023-11-29
556,Ryan Clark,ryan.clark966@example.com,+1-906-482-9376,9449 Cedar Ln,Seattle,WA,30278,USA,2023-12-15
557,Andrew Lopez,andrew.lopez160@example.com,+1-341-471-7014,4193 Oak Ave,Denver,CO,43586,USA,2024-02-09
558,James Gonzalez,james.gonzalez583@example.com,+1-422-951-2264,8005 Oak Ave,Austin,TX,73999,USA,2025-10-26
559,James Clark,james.clark930@example.com,+1-297-809-5921,9541 Maple St,Los Angeles,CA,20286,India,2024-01-03
560,Samantha Harris,samantha.harris343@example.com,+1-000-000-000,3814 Cedar Ln,Houston,TX,11498,USA,2025-08-15
561,Joshua Johnson,joshua.johnson313@example.com,+1-736-242-6231,,,,,USA,2025-10-21
562,Ashley Jones,ashley.jones52@example.com,+1-889-949-7436,,,,,USA,2024-06-21
563,Megan Martinez,noatsign.example.com,+1-603-351-3165,1452 Maple St,Austin,TX,84899,Canada,2023-12-27
564,Hannah Gonzalez,missingdomain@,+1-287-608-9221,2236 Oak Ave,Columbus,OH,73035,USA,2024-05-27
565,Nicole Gonzalez,nicole.gonzalez668@example.com,+1-785-400-9589,,,,,India,2025-01-20
566,Christopher Perez,christopher.perez947@example.com,+1-789-291-2843,7039 Pine Rd,Columbus,OH,55653,USA,2024-09-30
567,Elizabeth Martin,elizabeth.martin672@example.com,+1-224-988-5994,,,,,USA,2024-04-04
568,Andrew Johnson,andrew.johnson947@example.com,+1-439-404-7124,1505 Main St,Phoenix,AZ,17148,USA,2025-08-03
569,Samantha Jones,samantha.jones890@example.com,+1-494-214-6624,5099 Maple St,Houston,TX,71759,USA,2024-10-11
570,Daniel White,daniel.white551@example.com,+1-416-408-9952,4337 Cedar Ln,Indianapolis,IN,73311,USA,2024-03-30
571,Brian Thompson,brian.thompson685@example.com,+1-218-585-9631,4285 Oak Ave,Los Angeles,CA,17878,USA,2024-05-30
572,Rachel Thompson,jessica.ramirez234@example.com,+1-477-254-8617,1191 Maple St,New York,NY,96556,USA,2025-09-15
573,Victoria Robinson,missingdomain@,+1-568-310-1312,6432 Oak Ave,San Jose,CA,59899,USA,2025-11-02
574,Jessica Lewis,jessica.lewis324@example.com,+1-696-811-9709,3154 Oak Ave,Chicago,IL,75621,USA,2025-06-03
575,Samantha Thompson,samantha.thompson23@example.com,+1-240-453-9673,5565 Maple St,San Jose,CA,61563,Canada,2024-04-15
576,John Lopez,john.lopez701@example.com,+1-560-563-5953,8312 Pine Rd,San Diego,CA,18127,USA,2024-07-27
577,Justin Gonzalez,justin.gonzalez912@example.com,+1-230-768-5590,2585 Pine Rd,San Diego,CA,61491,USA,2024-03-26
578,Michael White,joseph.garcia702@example.com,+1-733-894-4726,4038 Cedar Ln,Columbus,OH,30021,USA,2024-09-21
579,Samantha Martin,samantha.martin338@example.com,+1-659-755-3158,2370 Cedar Ln,San Antonio,TX,80956,USA,2024-06-01
580,Victoria Jones,victoria.jones317@example.com,+1-905-922-9582,7146 Oak Ave,Phoenix,AZ,96013,USA,2024-04-16
581,Christopher Williams,christopher.williams571@example.com,+1-745-936-2939,5303 Oak Ave,Philadelphia,PA,13864,UK,2024-09-28
582,Justin Wilson,justin.wilson985@example.com,+1-621-510-8258,2589 Oak Ave,Dallas,TX,23994,USA,2024-05-14
583,John Harris,john.harris627@example.com,+1-831-473-4783,3904 Oak Ave,Washington,DC,13418,USA,2024-01-27
584,Brian Harris,brian.harris489@example.com,+1-337-714-8680,3114 Maple St,Jacksonville,FL,74414,USA,2024-03-26
585,Emily Miller,missingdomain@,+1-233-618-1245,6867 Oak Ave,Dallas,TX,97993,USA,2024-06-03
586,Michael Garcia,michael.garcia950@example.com,+1-649-831-9027,7596 Oak Ave,Austin,TX,66040,USA,2023-12-19
587,Olivia White,olivia.white845@example.com,+1-589-937-6126,9470 Cedar Ln,Fort Worth,TX,80275,USA,2025-08-24
588,Justin Thompson,justin.thompson806@example.com,+1-239-733-2791,7585 Main St,Charlotte,NC,42207,USA,2025-05-10
589,Joshua White,david.lee311@example.com,+1-771-596-9456,3210 Pine Rd,Los Angeles,CA,67613,USA,2024-09-13
590,Ryan Clark,ryan.clark293@example.com,++--,993 Cedar Ln,San Jose,CA,28643,USA,2025-08-29
591,Andrew Williams,andrew.williams740@example.com,+1-712-315-3945,9052 Oak Ave,Denver,CO,61520,USA,2024-10-03
592,Andrew Smith,noatsign.example.com,+1-664-804-4308,1577 Pine Rd,Charlotte,NC,52477,USA,2025-09-01
593,Samantha Thompson,samantha.thompson816@example.com,+1-367-935-3024,1970 Maple St,Chicago,IL,93109,USA,2024-02-02
594,Joseph Thompson,joseph.thompson394@example.com,+1-944-723-3619,9116 Maple St,Fort Worth,TX,15754,Australia,2024-04-29
595,Samantha Hernandez,,+1-875-353-3656,3030 Main St,Phoenix,AZ,64995,USA,2024-09-18
596,Lauren Harris,lauren.harris985@example.com,+1-656-495-3960,2255 Oak Ave,Houston,TX,10463,USA,2024-07-23
597,John Anderson,john.anderson510@example.com,+1-710-756-1094,8184 Oak Ave,Washington,DC,38426,USA,2025-09-12
598,Nicole Anderson,nicole.anderson420@example.com,+1-652-281-1107,9067 Pine Rd,San Diego,CA,91233,USA,2025-05-30
599,Brandon Clark,brandon.clark213@example.com,+1-250-389-3429,5818 Main St,Los Angeles,CA,29054,USA,2025-09-20
600,James Clark,james.clark618@example.com,++--,1884 Maple St,Los Angeles,CA,33363,USA,2025-09-25
601,Amanda Martin,amanda.martin677@example.com,+1-908-916-3906,9585 Pine Rd,Charlotte,NC,14697,USA,2024-09-08
602,Christopher Lopez,christopher.lopez920@example.com,+1-588-269-8001,1163 Pine Rd,Seattle,WA,71710,USA,2024-03-10
603,Brian Ramirez,brian.ramirez282@example.com,+1-537-739-7779,3538 Oak Ave,Indianapolis,IN,90223,USA,2024-02-26
604,James White,james.white645@example.com,+1-741-289-8924,4805 Maple St,Washington,DC,89802,USA,2024-07-29
605,Joseph Jackson,joseph.jackson639@example.com,+1-562-332-9132,8254 Maple St,Indianapolis,IN,33580,USA,2024-07-02
606,Brian Martinez,brian.martinez199@example.com,+1-201-321-1392,2032 Oak Ave,Charlotte,NC,90649,USA,2025-01-03
607,Sarah Hernandez,sarah.hernandez359@example.com,+1-773-852-4478,,,,,USA,2024-09-17
608,Amanda Taylor,amanda.taylor564@example.com,+1-531-985-1100,5560 Pine Rd,Houston,TX,61910,USA,2025-06-11
609,Olivia Smith,olivia.smith853@example.com,+1-379-398-6415,7949 Maple St,Austin,TX,14660,USA,2024-03-25
610,Nicole Jones,nicole.jones643@example.com,+1-671-749-6490,6882 Main St,Charlotte,NC,78298,USA,2025-06-07
611,Lauren Perez,lauren.perez324@example.com,+1-768-748-1306,9560 Pine Rd,San Antonio,TX,56346,USA,2024-04-07
612,Matthew Clark,user@invalid,+1-547-584-9753,9454 Cedar Ln,Philadelphia,PA,61061,USA,2025-07-08
613,Jessica Ramirez,jessica.ramirez802@example.com,+1-969-515-6152,4548 Maple St,Los Angeles,CA,21376,USA,2024-07-07
614,Elizabeth Anderson,elizabeth.anderson850@example.com,+1-509-421-9603,2967 Main St,San Jose,CA,59049,USA,2024-05-31
615,Samantha Williams,samantha.williams455@example.com,+1-718-225-8907,2624 Oak Ave,Indianapolis,IN,54579,USA,2025-04-26
616,Amanda Harris,amanda.harris336@example.com,+1-346-987-2609,2274 Oak Ave,Indianapolis,IN,14791,USA,2024-12-07
617,Brian Ramirez,brian.ramirez535@example.com,+1-318-204-6095,9836 Main St,Los Angeles,CA,53684,USA,2023-12-24
618,Jessica Taylor,jessica.taylor785@example.com,+1-874-963-6119,9562 Pine Rd,New York,NY,93735,USA,2024-09-30
619,Daniel Miller,daniel.miller294@example.com,+1-483-745-6228,2027 Pine Rd,Charlotte,NC,29571,USA,2024-08-13
620,Jessica Smith,jessica.smith982@example.com,+1-837-773-9422,,,,,USA,2024-09-28
621,Matthew Jones,matthew.jones966@example.com,+1-921-490-5011,1267 Pine Rd,Philadelphia,PA,90381,USA,2025-05-13
622,Andrew Johnson,andrew.johnson134@example.com,+1-229-682-1826,6384 Main St,Houston,TX,21287,USA,2024-12-12
623,Emily Thompson,emily.thompson611@example.com,+1-806-844-8304,5926 Pine Rd,Washington,DC,53559,USA,2025-11-06
624,Ryan Perez,user@.com,+1-746-280-8629,2259 Main St,Denver,CO,71377,USA,2025-02-15
625,Amanda Perez,amanda.perez660@example.com,+1-927-984-8625,3896 Oak Ave,San Francisco,CA,28837,USA,2024-07-28
626,Samantha Lopez,samantha.lopez402@example.com,+1-387-916-6412,7526 Maple St,Austin,TX,13966,USA,2025-03-07
627,Jessica Lopez,jessica.lopez491@example.com,+1-672-374-5624,9515 Oak Ave,Jacksonville,FL,76577,USA,2024-12-26
628,Brandon Thompson,brandon.thompson816@example.com,+1-309-533-2162,8828 Maple St,San Jose,CA,62535,USA,2025-01-03
629,Ashley Martin,ashley.martin250@example.com,+1-000-000-000,1182 Pine Rd,Fort Worth,TX,37294,USA,2025-07-04
630,Megan Sanchez,megan.sanchez446@example.com,+1-780-550-9921,2935 Main St,San Diego,CA,85260,USA,2024-03-03
631,James Martin,james.martin475@example.com,phone,2986 Pine Rd,Charlotte,NC,63188,USA,2025-07-11
632,Jessica Perez,jessica.perez834@example.com,+1-810-989-7208,8198 Main St,Austin,TX,21866,USA,2024-03-28
633,Justin Jackson,justin.jackson925@example.com,+1-973-851-1003,2544 Maple St,Phoenix,AZ,79632,USA,2024-12-10
634,Olivia Jackson,olivia.jackson458@example.com,+1-400-410-6187,9443 Pine Rd,San Jose,CA,66980,USA,2024-10-24
635,Michael Jackson,michael.jackson9@example.com,+1-000-000-000,4919 Main St,Phoenix,AZ,58394,USA,2023-12-31
636,John Thompson,,+1-567-312-5623,3954 Maple St,New York,NY,87353,USA,2025-08-08
637,Christopher Thompson,christopher.thompson392@example.com,+1-615-590-8130,3560 Oak Ave,Seattle,WA,72242,USA,2024-05-17
638,Hannah Gonzalez,hannah.gonzalez864@example.com,+1-568-627-3527,2156 Oak Ave,San Jose,CA,11520,USA,2025-08-31
639,John Jones,john.jones739@example.com,+1-698-873-8155,1487 Oak Ave,Phoenix,AZ,94180,USA,2025-02-15
640,Justin Sanchez,user@invalid,+1-818-635-3945,8446 Maple St,Charlotte,NC,82358,USA,2024-12-04
641,Elizabeth Davis,victoria.wilson626@example.com,+1-634-819-1121,8261 Oak Ave,Denver,CO,75762,USA,2024-12-31
642,Samantha Moore,joshua.gonzalez341@example.com,+1-575-234-1620,8017 Pine Rd,Denver,CO,24832,USA,2025-03-14
643,Brian Williams,brian.williams146@example.com,+1-947-948-9624,7717 Cedar Ln,Dallas,TX,20254,USA,2025-07-23
644,Michael Davis,michael.davis484@example.com,++--,9596 Pine Rd,Seattle,WA,90352,USA,2024-10-23
645,Hannah Harris,hannah.harris12@example.com,+1-680-664-9399,9503 Pine Rd,San Francisco,CA,65183,USA,2024-09-03
646,Amanda Garcia,amanda.garcia37@example.com,+1-911-811-5981,4367 Main St,Denver,CO,92483,USA,2025-06-21
647,Emily Jackson,emily.jackson53@example.com,+1-872-498-1447,8042 Main St,San Jose,CA,26622,USA,2024-01-24
648,Victoria Sanchez,victoria.sanchez285@example.com,+1-458-335-5603,,,,,USA,2024-05-03
649,Samantha Jackson,samantha.jackson757@example.com,+1-354-874-8317,,,,,USA,2024-05-10
650,Rachel Taylor,rachel.taylor883@example.com,+1-233-551-2382,9857 Oak Ave,Phoenix,AZ,75004,Canada,2025-01-02
651,Ryan Gonzalez,ryan.gonzalez244@example.com,+1-876-650-3740,9565 Pine Rd,San Antonio,TX,17120,USA,2024-08-03
652,Ryan Clark,ryan.clark119@example.com,+1-253-371-8602,7902 Pine Rd,Fort Worth,TX,72425,Canada,2025-05-05
653,Ashley Gonzalez,ashley.gonzalez700@example.com,+1-922-599-8775,2478 Cedar Ln,Dallas,TX,66981,USA,2024-08-28
654,Samantha Sanchez,samantha.sanchez460@example.com,+1-591-894-6172,772 Main St,Indianapolis,IN,79637,USA,2024-11-03
655,Victoria Wilson,victoria.wilson626@example.com,+1-867-479-6488,4475 Main St,Dallas,TX,43468,USA,2025-06-27
656,Joshua Anderson,joshua.anderson792@example.com,+1-891-967-4961,3293 Cedar Ln,Denver,CO,54224,USA,2025-10-13
657,Emily Hernandez,amanda.lee716@example.com,+1-210-888-1138,295 Maple St,Chicago,IL,22805,USA,2024-02-21
658,Sophia Anderson,sophia.anderson360@example.com,+1-424-942-5641,3263 Main St,Dallas,TX,13106,USA,2024-02-09
659,Sarah Martin,sarah.martin673@example.com,+1-422-813-2995,1515 Cedar Ln,Houston,TX,27027,USA,2025-09-09
660,Ryan Lewis,ryan.lewis664@example.com,+1-000-000-000,4250 Pine Rd,Philadelphia,PA,71204,USA,2024-01-23
661,Robert Anderson,robert.anderson945@example.com,+1-483-987-7995,4316 Oak Ave,Austin,TX,19698,USA,2024-01-09
662,Joshua Gonzalez,joshua.gonzalez341@example.com,+1-261-464-5336,7318 Main St,Philadelphia,PA,74450,USA,2025-07-23
663,Joshua Garcia,joshua.garcia661@example.com,+1-703-311-3357,7165 Oak Ave,Seattle,WA,90473,USA,2024-02-23
664,Samantha Anderson,samantha.anderson733@example.com,+1-465-305-1571,1253 Cedar Ln,Chicago,IL,42846,India,2025-02-05
665,John Lewis,john.lewis510@example.com,+1-352-868-1014,,,,,USA,2024-10-09
666,Justin Gonzalez,user@.com,+1-203-727-9039,7244 Maple St,San Francisco,CA,19188,USA,2024-06-25
667,John Gonzalez,john.gonzalez978@example.com,+1-905-998-8898,9393 Cedar Ln,Houston,TX,57044,USA,2025-10-05
668,Amanda Gonzalez,amanda.gonzalez57@example.com,+1-847-862-2485,8859 Pine Rd,Jacksonville,FL,20545,USA,2024-08-29
669,Robert Miller,robert.miller181@example.com,+1-767-240-7294,4996 Maple St,San Antonio,TX,23994,USA,2025-10-12
670,Elizabeth Thomas,elizabeth.thomas87@example.com,+1-847-648-4104,684 Oak Ave,Phoenix,AZ,13324,USA,2025-07-06
671,Ashley Thomas,ashley.thomas399@example.com,+1-264-753-6041,8848 Maple St,San Francisco,CA,12151,USA,2024-10-19
672,Sarah Hernandez,sarah.hernandez807@example.com,+1-938-243-7643,3568 Cedar Ln,Houston,TX,70079,USA,2025-05-09
673,David White,david.white594@example.com,+1-438-273-1604,8110 Main St,Phoenix,AZ,71763,USA,2023-12-23
674,Ashley Thompson,ashley.thompson665@example.com,++--,5135 Main St,Los Angeles,CA,69793,USA,2024-04-29
675,Brandon Jackson,missingdomain@,+1-308-316-9145,3713 Main St,Washington,DC,36560,USA,2024-10-17
676,Rachel Clark,rachel.clark756@example.com,+1-894-611-6312,9536 Cedar Ln,Houston,TX,28000,USA,2024-06-12
677,Ryan Johnson,ryan.johnson608@example.com,+1-377-543-2035,4587 Oak Ave,Houston,TX,64415,USA,2025-10-20
678,Elizabeth Moore,james.moore220@example.com,+1-649-449-1666,1737 Cedar Ln,Phoenix,AZ,59300,India,2024-04-16
679,John Lewis,john.lewis499@example.com,+1-282-206-1118,1560 Cedar Ln,Philadelphia,PA,47189,USA,2025-10-17
680,Rachel Sanchez,rachel.sanchez792@example.com,+1-687-908-3079,,,,,USA,2025-01-01
681,Ashley Garcia,ashley.garcia626@example.com,+1-908-238-3949,1542 Pine Rd,San Francisco,CA,55593,USA,2023-11-11
682,Hannah Davis,ryan.clark119@example.com,+1-320-742-2567,6029 Cedar Ln,Washington,DC,76524,USA,2025-02-24
683,Ryan Lee,ryan.lee676@example.com,+1-413-483-1869,1946 Oak Ave,San Antonio,TX,99816,USA,2025-03-30
684,Emily Garcia,emily.garcia687@example.com,+1-244-255-6966,3533 Maple St,San Jose,CA,42949,USA,2025-07-30
685,Rachel Lewis,rachel.lewis777@example.com,+1-664-244-2710,8904 Oak Ave,Los Angeles,CA,30715,USA,2025-03-17
686,Joseph Brown,joseph.brown73@example.com,+1-440-938-8287,9598 Pine Rd,Denver,CO,64927,USA,2025-09-30
687,Justin Hernandez,justin.hernandez236@example.com,+1-997-312-6343,1706 Oak Ave,San Diego,CA,64079,USA,2024-11-25
688,Justin Davis,justin.davis76@example.com,+1-682-799-8936,7241 Oak Ave,Los Angeles,CA,38333,USA,2025-02-14
689,Emily Gonzalez,emily.gonzalez383@example.com,+1-339-668-4181,4518 Oak Ave,Jacksonville,FL,54025,USA,2023-12-09
690,Brian Jackson,,+1-487-339-2820,7613 Maple St,Charlotte,NC,32439,UK,2024-10-23
691,Ashley Lewis,ashley.lewis303@example.com,+1-818-360-3784,9156 Oak Ave,Denver,CO,21334,USA,2025-04-24
692,Nicole Ramirez,nicole.ramirez222@example.com,+1-805-684-8581,337 Maple St,Dallas,TX,42329,USA,2024-10-07
693,Megan Jackson,megan.jackson228@example.com,+1-805-352-1083,824 Main St,Columbus,OH,71689,USA,2025-04-06
694,Sarah Wilson,user@invalid,+1-603-690-2605,8214 Oak Ave,Charlotte,NC,20890,USA,2023-11-19
695,Brian White,,+1-423-335-6872,4016 Main St,San Jose,CA,12087,USA,2025-09-22
696,Amanda Garcia,plainaddress,+1-670-784-1399,7698 Oak Ave,Charlotte,NC,63131,USA,2024-11-20
697,Robert Anderson,,+1-848-201-2158,5554 Cedar Ln,Fort Worth,TX,14287,USA,2025-01-16
698,Ryan Rodriguez,ryan.rodriguez715@example.com,+1-827-755-4393,,,,,USA,2024-11-13
699,Justin Johnson,justin.johnson114@example.com,+1-592-574-8624,769 Pine Rd,Washington,DC,58029,USA,2025-08-31
700,Hannah Thompson,hannah.thompson69@example.com,+1-774-926-4354,5587 Oak Ave,Phoenix,AZ,80730,USA,2025-09-01
